Text,bundles,n_bundles
#–ø—Ä–æ–¥–∞—é –≤ —Ç–±–∏–ª–∏—Å–∏ focusrite scatlett 2i2. –ø–æ–ª–Ω–æ—Å—Ç—å—é —Ä–∞–±–æ—á–∞—è. 190‚Çæ,"[{""Title"": ""focusrite scatlett 2i2"", ""Price"": ""190"", ""Currency"": ""\u20be"", ""Count"": ""1""}]",1
"–∑–¥—Ä–∞–≤—Å—Ç–≤—É–π—Ç–µ –ø—Ä–æ–¥–∞–º –Ω–∞–±–æ—Ä –¥–ª—è –Ω–∞—Ä–∞—â–∏–≤–∞–Ω–∏—è —Ä–µ—Å–Ω–∏—Ü –Ω–æ–≤—ã–π 
10 –ø–ª–∞–Ω—à–µ—Ç–æ–∫ —Ä–µ—Å–Ω–∏—Ü —Ä–∞–∑–Ω—ã–µ 
2 –ø–∏–Ω—Ü–µ—Ç–∞ , –º–∏–∫—Ä–æ–±—Ä–∞—à, —â–µ—Ç–∫–∏, –ª–µ–Ω—Ç–∞ , –∫–∞–º–µ–Ω—å –¥–ª—è –∫–ª–µ—è, –¥–µ–∑–∏–Ω—Ñ–µ–∫—Ü–∏—è,—Ä–µ–º—É–≤–µ—Ä, –ø—Ä–∞–π–º–µ—Ä,–∫–ª–µ–π,–≥–∏–¥—Ä–æ–ø–∞—Ç—á–∏ –≤—Å–µ –∑–∞ 100–µ–≤—Ä–æ","[{""Title"": ""\u041d\u0430\u0431\u043e\u0440 \u0434\u043b\u044f \u043d\u0430\u0440\u0430\u0449\u0438\u0432\u0430\u043d\u0438\u044f \u0440\u0435\u0441\u043d\u0438\u0446"", ""Price"": ""100"", ""Currency"": ""EUR"", ""Count"": ""1""}]",1
"–ø—Ä–æ–¥–∞—é –æ—Ä–∏–≥–∏–Ω–∞–ª—å–Ω—ã–µ –º—É–∂—Å–∫–∏–µ –∫–æ–∂–∞–Ω—ã–µ —Ä–µ–º–Ω–∏:

1. lagerfeld, –¥–ª–∏–Ω–∞ 95, —Ü–≤–µ—Ç —Ç–µ–º–Ω–æ-—Å–∏–Ω–∏–π (ocean), –Ω–∞—Ç—É—Ä–∞–ª—å–Ω–∞—è —Ç–µ–ª—è—á—å—è –∫–æ–∂–∞, —Å–¥–µ–ª–∞–Ω –≤ –∞–≤—Å—Ç—Ä–∏–∏,  –∫—É–ø–ª–µ–Ω –≤ –≥–µ—Ä–º–∞–Ω–∏–∏. —Å–æ—Å—Ç–æ—è–Ω–∏–µ –∏–¥–µ–∞–ª—å–Ω–æ–µ, –∞–±—Å–æ–ª—é—Ç–Ω–æ –Ω–æ–≤—ã–π, –±–∏—Ä–∫–∞ –Ω–µ —Å–Ω—è—Ç–∞. –≤ –∫–æ–º–ø–ª–µ–∫—Ç–µ - —Ñ–∏—Ä–º–µ–Ω–Ω—ã–π –º–µ—à–æ—á–µ–∫ –¥–ª—è —Ö—Ä–∞–Ω–µ–Ω–∏—è. —Ü–µ–Ω–∞ - 100 –ª–∞—Ä–∏.

2. gardeur, –¥–ª–∏–Ω–∞ 95, —Ü–≤–µ—Ç —á–µ—Ä–Ω—ã–π, –Ω–∞—Ç—É—Ä–∞–ª—å–Ω–∞—è –∫–æ–∂–∞, –∞–±—Å–æ–ª—é—Ç–Ω–æ –Ω–æ–≤—ã–π, –±—ã–ª –∫—É–ø–ª–µ–Ω –≤ –≥–µ—Ä–º–∞–Ω–∏–∏. —Ü–µ–Ω–∞ - 60 –ª–∞—Ä–∏.

—Ä–∞–π–æ–Ω –≤–∞–∫–µ, —Ä—è–¥–æ–º —Å –ø–∞—Ä–∫–æ–º.","[{""Title"": ""\u043c\u0443\u0436\u0441\u043a\u043e\u0439 \u043a\u043e\u0436\u0430\u043d\u044b\u0439 \u0440\u0435\u043c\u0435\u043d\u044c Gardeur"", ""Price"": ""60"", ""Currency"": ""GEL"", ""Count"": ""1""}, {""Title"": ""\u043c\u0443\u0436\u0441\u043a\u043e\u0439 \u043a\u043e\u0436\u0430\u043d\u044b\u0439 \u0440\u0435\u043c\u0435\u043d\u044c Lagerfeld"", ""Price"": ""100"", ""Currency"": ""GEL"", ""Count"": ""1""}]",2
"–ü—Ä–æ–¥–∞—é –±–∏–ª–µ—Ç –Ω–∞ –∞—ç—Ä–æ—ç–∫—Å–ø—Ä–µ—Å—Å, —Å—Ä–æ–∫ –¥–µ–π—Å—Ç–≤–∏—è –¥–æ 02.05.2023
–ü–æ–∫—É–ø–∞–ª–∞ –∑–∞ 450—Ä, –ø—Ä–æ–¥–∞—é –∑–∞ 400—Ä

–ü–∏—à–∏—Ç–µ –≤ –ª—Å, –∫–æ–≥–æ –∑–∞–∏–Ω—Ç–µ—Ä–µ—Å–æ–≤–∞–ª–æ","[{""Title"": ""\u0411\u0438\u043b\u0435\u0442 \u043d\u0430 \u0430\u044d\u0440\u043e\u044d\u043a\u0441\u043f\u0440\u0435\u0441\u0441"", ""Price"": ""400"", ""Currency"": ""RUB"", ""Count"": ""1""}]",1
–º–∞—Å–ª–æ –¥–ª—è —Ç–µ–ª–∞ —Å –∞–ª–æ—ç. –Ω–æ–≤–æ–µ. 2‚Ç¨ –±—É—Ç—ã–ª–æ—á–∫–∞. –ø–æ–¥—Ö–æ–¥–∏—Ç –æ—Ç–ª–∏—á–Ω–æ –¥–ª—è –º–∞—Å—Å–∞–∂–∞. –ª–∏–º–∞—Å—Å–æ–ª,"[{""Title"": ""\u043c\u0430\u0441\u043b\u043e \u0434\u043b\u044f \u0442\u0435\u043b\u0430 \u0441 \u0430\u043b\u043e\u044d"", ""Price"": ""2"", ""Currency"": ""EUR"", ""Count"": ""1""}]",1
"–ó–¥—Ä–∞–≤—Å—Ç–≤—É–π—Ç–µ!
–ü—Ä–æ–¥–∞—é –õ–æ—Ñ–µ—Ä—ã —Ä–∞–∑–º–µ—Ä 38, 39 –Ω–æ–≤—ã–µ 1200‚ÇΩ.
–ü–ª–∞—Ç—å–µ Zara —Ä–∞–∑–º–µ—Ä XS, –æ–¥–µ–≤–∞–ª–∞ –ø–∞—Ä—É —Ä–∞–∑ 1000‚ÇΩ
–°—É–º–∫–∞ –Ω–æ–≤–∞—è 900‚ÇΩ","[{""Title"": ""\u0421\u0443\u043c\u043a\u0430"", ""Price"": ""900"", ""Currency"": ""RUB"", ""Count"": ""1""}, {""Title"": ""\u041b\u043e\u0444\u0435\u0440\u044b \u0440\u0430\u0437\u043c\u0435\u0440 39"", ""Price"": ""1200"", ""Currency"": ""RUB"", ""Count"": ""1""}, {""Title"": ""\u041b\u043e\u0444\u0435\u0440\u044b \u0440\u0430\u0437\u043c\u0435\u0440 38"", ""Price"": ""1200"", ""Currency"": ""RUB"", ""Count"": ""1""}, {""Title"": ""\u041f\u043b\u0430\u0442\u044c\u0435 Zara \u0440\u0430\u0437\u043c\u0435\u0440 XS"", ""Price"": ""1000"", ""Currency"": ""RUB"", ""Count"": ""1""}]",4
"1)–±–æ–¥–∏ guess
–≤ –∏–¥–µ–∞–ª–µ
—Ä–∞–∑–º–µ—Ä –º(–æ—Ç–ª–∏—á–Ω–æ –∏ –Ω–∞ s)
—Ü–µ–Ω–∞ 100 –ª–∞—Ä–∏
2)—Å–∞–ø–æ–∂–∫–∏ –Ω–∞ —Ü–∏–≥–µ–π–∫–µ
–≤ –∏–¥–µ–∞–ª–µ.
—Ä–∞–∑–º–µ—Ä 39,–Ω–æ –ø–æ–¥–æ–π–¥—É—Ç –Ω–∞ 37,5-38
—Ü–µ–Ω–∞ 60 –ª–∞—Ä–∏ 
3)–ø–∏–¥–∂–∞–∫ zara
—Ä–∞–∑–º–µ—Ä s
–Ω–æ–≤—ã–π
—Ü–µ–Ω–∞ 170 –ª–∞—Ä–∏
4)massimo dutti 
—à—Ç–∞–Ω—ã
—Ä–∞–∑–º–µ—Ä 38
–Ω–æ–≤—ã–µ.—Ç–µ–∫—É—â–∞—è –∫–æ–ª–ª–µ–∫—Ü–∏—è 
—Ü–µ–Ω–∞ 170 –ª–∞—Ä–∏
5","[{""Title"": ""\u0448\u0442\u0430\u043d\u044b Massimo Dutti \u0440\u0430\u0437\u043c\u0435\u0440 38"", ""Price"": ""170"", ""Currency"": ""GEL"", ""Count"": ""1""}, {""Title"": ""\u043f\u0438\u0434\u0436\u0430\u043a Zara \u0440\u0430\u0437\u043c\u0435\u0440 S"", ""Price"": ""170"", ""Currency"": ""GEL"", ""Count"": ""1""}, {""Title"": ""\u0431\u043e\u0434\u0438 Guess \u0440\u0430\u0437\u043c\u0435\u0440 M"", ""Price"": ""100"", ""Currency"": ""GEL"", ""Count"": ""1""}, {""Title"": ""\u0441\u0430\u043f\u043e\u0436\u043a\u0438 \u043d\u0430 \u0446\u0438\u0433\u0435\u0439\u043a\u0435 \u0440\u0430\u0437\u043c\u0435\u0440 39"", ""Price"": ""60"", ""Currency"": ""GEL"", ""Count"": ""1""}]",4
"—Ç—É—Ä–Ω–∏—Ä–Ω–æ–µ –ø–ª–∞—Ç—å–µ –¥–ª—è —Å–ø–æ—Ä—Ç–∏–≤–Ω—ã—Ö —Ç–∞–Ω—Ü–µ–≤, —Ä–∞–∑–º–µ—Ä 134, –≤–∞—Ä–∫–µ—Ç–∏–ª–∏. —Ü–µ–Ω–∞ 120 –ª–∞—Ä–∏.","[{""Title"": ""\u0442\u0443\u0440\u043d\u0438\u0440\u043d\u043e\u0435 \u043f\u043b\u0430\u0442\u044c\u0435 \u0434\u043b\u044f \u0441\u043f\u043e\u0440\u0442\u0438\u0432\u043d\u044b\u0445 \u0442\u0430\u043d\u0446\u0435\u0432"", ""Price"": ""120"", ""Currency"": ""GEL"", ""Count"": ""1""}]",1
"–ø—Ä–æ–¥–∞–º –∞–∫–≤–∞—Ä–∏—É–º (100x40x30cm.) 
—Ç–∞–∫ –∂–µ –ø—Ä–µ–∫—Ä–∞—Å–Ω–∞—è –ª–∞–º–ø–∞ –¥–Ω–µ–≤–Ω–æ–≥–æ –æ—Å–≤—è—â–µ–Ω–∏—è ,  –∫–æ—Ç–æ—Ä–∞—è —É–∂–µ —É—Å—Ç–∞–Ω–æ–≤–ª–µ–Ω–∞ –∏ —Ä–∞–±–æ—Ç–∞–µ—Ç –≤ –ø—Ä–µ–∫—Ä–∞—Å–Ω–æ–º —Ä–µ–∂–∏–º–µ ! 
+ —Ç—É–º–±–æ—á–∫–∞ –ø–æ–¥ –∞–∫–≤–∞—Ä–∏—É–º (–±–µ—Å–ø–ª–∞—Ç–Ω–æ) 
—Ü–µ–Ω–∞ - 120‚Ç¨","[{""Title"": ""\u0410\u043a\u0432\u0430\u0440\u0438\u0443\u043c \u0441 \u043b\u0430\u043c\u043f\u043e\u0439 \u0434\u043d\u0435\u0432\u043d\u043e\u0433\u043e \u043e\u0441\u0432\u0435\u0449\u0435\u043d\u0438\u044f \u0438 \u0442\u0443\u043c\u0431\u043e\u0447\u043a\u043e\u0439"", ""Price"": ""120"", ""Currency"": ""EUR"", ""Count"": ""1""}]",1
"–ø—Ä–æ–¥–∞—é 
70 –ª–∞—Ä–∏ 
–∑–∞–±–∏—Ä–∞—Ç—å –≤ –≥–ª–¥–∞–Ω–∏",[],0
"–∑–Ω–∞–∫–æ–º—ã–µ –ø—Ä–æ–¥–∞—é—Ç porsche panamera. 
2014 face-lift
–¥–≤–∏–∂–æ–∫ 3–ª, v6 –¥–∏–∑–µ–ª—å
320–ª—Å
–ø—Ä–æ–±–µ–≥ 140000–∫–º
 30–∫ –µ–≤—Ä–æ

–≤—Å–µ –≤–æ–ø—Ä–æ—Å—ã –≤ wa –∏–ª–∏ –∑–≤–æ–Ω–∏—Ç–µ 
+357 94 427574 sid
—Ç–æ–ª—å–∫–æ –∞–Ω–≥–ª–∏–π—Å–∫–∏–π.","[{""Title"": ""Porsche Panamera, 2014, 3\u043b V6 \u0434\u0438\u0437\u0435\u043b\u044c, 320\u043b\u0441, \u043f\u0440\u043e\u0431\u0435\u0433 140000\u043a\u043c"", ""Price"": ""30000"", ""Currency"": ""EUR"", ""Count"": ""1""}]",1
"–ø—Ä–æ–¥–∞—é sena smh5-fm, –Ω–æ–≤–∞—è, –∫–æ—Ä–æ–±–∫—É –Ω–µ –æ—Ç–∫—Ä—ã–≤–∞–ª. –≤ bikealert –ª–µ–∂–∏—Ç –∑–∞ 165 eur, –æ—Ç–¥–∞–º –∑–∞ 140 eur.","[{""Title"": ""sena smh5-fm, \u043d\u043e\u0432\u0430\u044f"", ""Price"": ""140"", ""Currency"": ""EUR"", ""Count"": ""1""}]",1
"–ü–ª–µ–¥ –¥–µ—Ç—Å–∫–∏–π –≤—è–∑–∞–Ω—ã–π
–ù–æ–≤—ã–π
–†–∞–∑–º–µ—Ä 80—Ö80
–¶–µ–Ω–∞ 1200 —Ä—É–±–ª–µ–π

#–ë–î_–¥–µ—Ç—Å–∫–æ–µ","[{""Title"": ""\u041f\u043b\u0435\u0434 \u0434\u0435\u0442\u0441\u043a\u0438\u0439 \u0432\u044f\u0437\u0430\u043d\u044b\u0439"", ""Price"": ""1200"", ""Currency"": ""RUB"", ""Count"": ""1""}]",1
"üíûüíûüíûüíûüíûüíûüíûüíûüíûüíûüíûüíû
üí•üí•–ù–æ–≤–æ–µ –ø–æ—Å—Ç—É–ø–ª–µ–Ω–∏–µüí•üí•

üåπ–ö–û–ú–ü–õ–ï–ö–¢ –ü–û–°–¢–ï–õ–¨–ù–û–ì–û –ë–ï–õ–¨–Ø 
üåπ–û–¢ –§–ò–†–ú–ê ""ALOREA""
üåπ–ö–ê–ß–ï–°–¢–í–û –õ–Æ–ö–° –¢–ö–ê–ù–¨ üíØ –°–ê–¢–ò–ù 
                                                              –•–õ–û–ü–û–ö 
üåπ–î–í–£–•–°–¢–û–†–û–ù–ù–ò–ô –ê+–í  üëçüëç
üåπ–í–°–ï –ù–ê –ú–û–õ–ù–ò–ò 

.         –†–ê–ó–ú–ï–† :1.5
üåπ–ü–û–î–û–î–ï–Ø–õ–¨–ù–ò–ö.  150√ó220—Å–º. ( 1 )
üåπ–ü–†–û–°–¢–´–ù–Ø.             150√ó220 ( 1 )
üåπ–ù–ê–í–û–õ–û–ß–ö–ê.      70–•70.       ( 2 )
üåπ–¶–ï–ù–ê –ó–ê –®–¢–£–ö–£ 1150‚ÇΩ

           –†–ê–ó–ú–ï–† : 2 –ö–ê
üåπ–ü–û–î–û–î–ï–Ø–õ–¨–ù–ò–ö.   180√ó220.  ( 1 )
üåπ–ü–†–û–°–¢–´–ù–Ø   200√ó220  —Å–º ( 1 )
üåπ–ù–ê–í–û–õ–û–ß–ö–ê 70–•70.  ( 2 )
üåπ–¶–ï–ù–ê –ó–ê –®–¢–£–ö 1400‚ÇΩ

            –†–ê–ó–ú–ï–† : –ï–í–†–û 
üåπ–ü–û–î–û–î–ï–Ø–õ–¨–ù–ò–ö    200√ó220 ( 1 )
üåπ–ü–†–û–°–¢–´–ù–Ø 220√ó240 —Å–º ( 1 )
üåπ–ù–ê–í–û–õ–û–ß–ö–ê 50√ó70 —Å–º  ( 2 )
üåπ–ù–ê–í–û–õ–û–ß–ö–ê  70–•70 —Å–º  ( 2 )
üåπ–¶–ï–ù–ê –ó–ê –®–¢–£–ö 1500‚ÇΩ

           –†–ê–ó–ú–ï–†  :  –°–ï–ú–ï–ô–ù–´–ô 
üåπ–ü–û–î–û–î–ï–Ø–õ–¨–ù–ò–ö  150√ó220 —Å–º  ( 2 )
üåπ–ü–†–û–°–¢–´–ù–Ø   220√ó240 —Å–º  ( 1 )
üåπ–ù–ê–í–û–õ–û–ß–ö–ê 50√ó70 —Å–º.    ( 2 )
üåπ–ù–ê–í–û–õ–û–ß–ö–ê 70–•70 —Å–∏.    ( 2 )
üåπ–¶–ï–ù–ê –ó–ê –®–¢–£–ö 1650‚ÇΩ
          
üåπ–†–ï–ö–û–ú–ï–ù–î–ê–¶–ò–ò –ü–û –£–•–û–î–£:
üåπ–°–¢–ò–†–ö–ê –ü–†–ò 40¬∞–°, –ë–ï–ó –ò–°–ü–û–õ–¨–ó–û–í–ê–ù–ò–Ø –•–õ–û–†–ê. –û–¢–ñ–ò–ú –ü–†–û–ò–ó–í–û–õ–¨–ù–´–ô. 
üåπ–ì–õ–ê–î–ò–¢–¨ –ù–ê –í–¢–û–†–û–ú –£–†–û–í–ù–ï 
.                                                                                                     –ü–†–ò –°–¢–ò–†–ö–ï –ù–ï –ò–°–ü–û–õ–¨–ó–û–í–ê–¢–¨ –°–†–ï–î–°–¢–í–û –°–û–î–ï–†–ñ–ê–©–ò–ï –û–¢–ë–ï–õ–ò–í–ê–¢–ï–õ–ò –•–õ–û–†.
                                   

üåπWhatsApp –¥–ª—è –ø–æ–ª—É—á–µ–Ω–∏–∏ –∏–Ω—Ñ–æ—Ä–º–∞—Ü–∏–∏ 8 902 994 88 88 

–ü–û –ê–î–†–ï–°–£ 2A-54 –ö–û–†–ü–£–° –ê
–ü–æ–¥—Ä–æ–±–Ω–µ–µ –Ω–∞ https://vk.com/wall488363770_21076","[{""Title"": ""\u041a\u043e\u043c\u043f\u043b\u0435\u043a\u0442 \u043f\u043e\u0441\u0442\u0435\u043b\u044c\u043d\u043e\u0433\u043e \u0431\u0435\u043b\u044c\u044f \u0440\u0430\u0437\u043c\u0435\u0440 \u0415\u0412\u0420\u041e \u043e\u0442 ALOREA"", ""Price"": ""1500"", ""Currency"": ""RUB"", ""Count"": ""1""}, {""Title"": ""\u041a\u043e\u043c\u043f\u043b\u0435\u043a\u0442 \u043f\u043e\u0441\u0442\u0435\u043b\u044c\u043d\u043e\u0433\u043e \u0431\u0435\u043b\u044c\u044f \u0440\u0430\u0437\u043c\u0435\u0440 2 \u041a\u0410 \u043e\u0442 ALOREA"", ""Price"": ""1400"", ""Currency"": ""RUB"", ""Count"": ""1""}, {""Title"": ""\u041a\u043e\u043c\u043f\u043b\u0435\u043a\u0442 \u043f\u043e\u0441\u0442\u0435\u043b\u044c\u043d\u043e\u0433\u043e \u0431\u0435\u043b\u044c\u044f \u0440\u0430\u0437\u043c\u0435\u0440 \u0441\u0435\u043c\u0435\u0439\u043d\u044b\u0439 \u043e\u0442 ALOREA"", ""Price"": ""1650"", ""Currency"": ""RUB"", ""Count"": ""1""}, {""Title"": ""\u041a\u043e\u043c\u043f\u043b\u0435\u043a\u0442 \u043f\u043e\u0441\u0442\u0435\u043b\u044c\u043d\u043e\u0433\u043e \u0431\u0435\u043b\u044c\u044f \u0440\u0430\u0437\u043c\u0435\u0440 1.5 \u043e\u0442 ALOREA"", ""Price"": ""1150"", ""Currency"": ""RUB"", ""Count"": ""1""}]",4
"–ø—Ä–æ–¥–∞–º –∫–æ–º–ø—å—é—Ç–µ—Ä. 
—Ü–µ–Ω–∞: 2600 –ª–∞—Ä–∏

mboard: biostar b450mh rev. 6.1
cpu: amd ryzen 7 3700—Ö 8 cores/16 threads/ 3.6-4.4ghz
cooler: xilence xc025
ram: 2x8gb 3400mhz 2rank 
graphic card: palit gamingpro rtx 3070ti 
ssd: kingston a400 256gb
power supply: chieftec eco-series (silent) 600w
case: deepcool ch370 white (–Ω–∞ –º–∞–≥–Ω–∏—Ç–∞—Ö, —Å—Ç–µ–∫–ª–æ, –µ—Å—Ç—å –∫—Ä—é–∫ –¥–ª—è –Ω–∞—É—à–Ω–∏–∫–æ–≤)","[{""Title"": ""\u041a\u043e\u043c\u043f\u043b\u0435\u043a\u0442\u0443\u044e\u0449\u0438\u0435 \u043a\u043e\u043c\u043f\u044c\u044e\u0442\u0435\u0440\u0430"", ""Price"": ""2600"", ""Currency"": ""GEL"", ""Count"": ""1""}]",1
"playstation 4 pro —Å –¥–≤—É–º—è –≥–µ–π–º–ø–∞–¥–∞–º–∏, –≤—Å–µ–º–∏ –ø—Ä–æ–≤–æ–¥–∞–º–∏ –∏ –∏–≥—Ä–∞–º–∏ god of war ( –¥–≤–µ –ø–æ—Å–ª–µ–¥–Ω–∏–µ —á–∞—Å—Ç–∏ ), tekken , mortal kombat , worms , far cry + –ø–∞—Ä–∞ –¥—Ä—É–≥–∏—Ö.
–ø—Ä–∏—Å—Ç–∞–≤–∫–∞ –≤ –æ—Ç–ª–∏—á–Ω–æ–º —Å–æ—Å—Ç–æ—è–Ω–∏–∏ , –ø—Ä–æ—Ö–æ–¥–∏–ª–∞ —á–∏—Å—Ç–∫—É .

750 –ª–∞—Ä–∏ –∑–∞ –≤—Å–µ.","[{""Title"": ""PlayStation 4 Pro \u0441 \u0434\u0432\u0443\u043c\u044f \u0433\u0435\u0439\u043c\u043f\u0430\u0434\u0430\u043c\u0438 \u0438 \u0438\u0433\u0440\u0430\u043c\u0438"", ""Price"": ""750"", ""Currency"": ""GEL"", ""Count"": ""1""}]",1
"–ü—Ä–æ–¥–∞–º, 8500 –ë–µ–∑ –º–∞—Ç—Ä–∞—Å–∞ 200—Ö160","[{""Title"": ""\u041a\u0440\u043e\u0432\u0430\u0442\u044c \u0440\u0430\u0437\u043c\u0435\u0440 200\u0445160 \u0431\u0435\u0437 \u043c\u0430\u0442\u0440\u0430\u0441\u0430"", ""Price"": ""8500"", ""Currency"": ""RUB"", ""Count"": ""1""}]",1
"–ñ–µ–Ω—Å–∫–∞—è –∫—É—Ä—Ç–∫–∞, —Ä.42-44
–ù–æ–≤–∞—è, –Ω–µ –Ω–æ—Å–∏–ª–∏, 1000—Ä","[{""Title"": ""\u0416\u0435\u043d\u0441\u043a\u0430\u044f \u043a\u0443\u0440\u0442\u043a\u0430, \u0440.42-44"", ""Price"": ""1000"", ""Currency"": ""RUB"", ""Count"": ""1""}]",1
"–∑–∞—Ä—è–¥–∫–∞ –∫–∏—Ç–∞–π—Å–∫–∞—è magsafe –≤ –∫–æ—Ä–æ–±–∫–µ, –≤—ã—Ö–æ–¥ –Ω–∞ type c. –∫–∞–∫ –∑–∞—Ä—è–¥–∫–∞ —Ç–∞–∫ —Å–µ–±–µ, –∫–∞–∫ –ø–æ–¥—Å—Ç–∞–≤–∫–∞ –¥–ª—è –∞–π—Ñ–æ–Ω–∞ 12-14 - top. –Ω–∞ —Ñ–æ—Ç–æ 13–º–∏–Ω–∏. –µ—Å—Ç—å –∫–æ—Ä–æ–±–∫–∞

15 –ª–∞—Ä–∏

–µ—Å—Ç—å –¥—Ä—É–≥–∏–µ —Ç–æ–≤–∞—Ä—ã, –≤—Å—ë –Ω–∞—Ö–æ–¥–∏—Ç—Å—è –≤ –≥–ª–¥–∞–Ω–∏, –ø–∏—à–∏—Ç–µ –≤ –ª—Å","[{""Title"": ""\u0437\u0430\u0440\u044f\u0434\u043a\u0430 \u043a\u0438\u0442\u0430\u0439\u0441\u043a\u0430\u044f magsafe \u0432 \u043a\u043e\u0440\u043e\u0431\u043a\u0435, \u0432\u044b\u0445\u043e\u0434 \u043d\u0430 type c"", ""Price"": ""15"", ""Currency"": ""GEL"", ""Count"": ""1""}]",1
–ü–æ 1200—Ä –∫–∞–∂–¥—ã–π –ø–∏—à–∏—Ç–µ –∏–ª–∏ –æ–±–º–µ–Ω,[],0
"Nike Blazer Low x Sacai 
–°–æ—Å—Ç–æ—è–Ω–∏–µ: –ù–æ–≤—ã–µ
–†–∞–∑–º–µ—Ä—ã: 9US(27.5—Å–º); 10US(28cm)
–¶–µ–Ω–∞: 9 990‚ÇΩ
–ù–æ–≤–æ—Å–∏–±–∏—Ä—Å–∫/–¥–æ—Å—Ç–∞–≤–∫–∞.
#–±–∞—Ä–∞—Ö–æ–ª–∫–∞ #–±–∞—Ä–∞—Ö–æ–ª–∫–∞@networksales #–ø—Ä–æ–¥–∞–º #–æ–±—ä—è–≤–ª–µ–Ω–∏—è #—Ç–æ–≤–∞—Ä—ã","[{""Title"": ""Nike Blazer Low x Sacai \u043d\u043e\u0432\u044b\u0435"", ""Price"": ""9990"", ""Currency"": ""RUB"", ""Count"": ""1""}]",1
ventrpl –Ω–∞—Ä—É—à–∏–ª –ø—Ä–∞–≤–∏–ª–∞ —á–∞—Ç–∞ –∏ –Ω–µ —Å–º–æ–∂–µ—Ç –ø–∏—Å–∞—Ç—å –¥–æ 24.08.2023 21:24:51. –ø—Ä–∞–≤–∏–ª–∞ —á–∞—Ç–æ–≤,[],0
"–°–Ω–æ–≤–∞ –≤ –Ω–∞–ª–∏—á–∏–∏ —É—Ä–∞–∞–∞–∞  üåπüåπ
  –ö–æ–º–ø–ª–µ–∫—Ç üëá   ‚úÖ üí£üí•
 –û–¥–µ—è–ª–æ  —Å –ü–æ–¥—É—à–∫–∞ –∏ –ü—Ä–æ—Å—Ç—ã–Ω—è.üìå
–¢–∫–∞–Ω—å: –°–∞—Ç–∏–Ω üëçüëç
–†–∞–∑–º–µ—Ä:–ï–≤—Ä–æ üí•üí£üí•üí£
–û–¥–µ—è–ª–æ: 200*220—Å–º 
–ü—Ä–æ—Å—Ç—ã–Ω—è: 200*230—Å–º 
–ü–æ–¥—É—à–∫–∏: 50*70 2 —à—Ç—É–∫

üôâ‚úÖ —Ü–µ–Ω–∞ 1400 —Ä—É–±–ª–µ–π üìå

–° –Ω–∞–º–∏ –Ω–µ —Ç–æ–ª—å–∫–æ –ø—Ä–∏—è—Ç–Ω–æ —Ä–∞–±–æ—Ç–∞—Ç—å, –Ω–æ –∏ –º–æ–∂–Ω–æ —Ö–æ—Ä–æ—à–æ –∑–∞—Ä–∞–±–æ—Ç–∞—Ç—å üíù

–ê–¥—Ä–µ—Å –†—ã–Ω–æ–∫ –°–∞–¥–∞–≤–æ–¥ –¢–¶ –∫–æ—Ä–ø—É—Å –ê —ç—Ç–∞–∂ 2 –ø–∞–≤–∏–ª—å–æ–Ω  54

üìå–î–ª—è –±—Ä–æ–Ω–∏ –∑–∞—Ä–∞–Ω–µ–µüëá–Ω–∞–ø–∏—à–∏—Ç–µ

üî±WhatsApp: 8 9267230720
–ü–æ–¥—Ä–æ–±–Ω–µ–µ –Ω–∞ https://vk.com/wall488363770_23949","[{""Title"": ""\u041a\u043e\u043c\u043f\u043b\u0435\u043a\u0442 \u043f\u043e\u0441\u0442\u0435\u043b\u044c\u043d\u043e\u0433\u043e \u0431\u0435\u043b\u044c\u044f: \u041e\u0434\u0435\u044f\u043b\u043e, \u041f\u043e\u0434\u0443\u0448\u043a\u0430 (2 \u0448\u0442\u0443\u043a\u0438) \u0438 \u041f\u0440\u043e\u0441\u0442\u044b\u043d\u044f"", ""Price"": ""1400"", ""Currency"": ""RUB"", ""Count"": ""1""}]",1
–ø—Ä–æ–¥–∞—é –∫—É—Ö–Ω—é –±/—É –≤ –Ω–æ—Ä–º–∞–ª—å–Ω–æ–º —Å–æ—Å—Ç–æ—è–Ω–∏–∏ —Å –º–æ–π–∫–æ–π –∏ –¥–≤—É–º—è —Å–º–µ—Å–∏—Ç–µ–ª—è–º–∏. —Å—Ç–æ–ª–µ—à–Ω–∏—Ü–∞ –ø–æ—á—Ç–∏ –Ω–æ–≤–∞—è. —Ü–µ–Ω–∞ ‚Ç¨200. —Å–∞–º–æ–≤—ã–≤–æ–∑. –ø–∞—Ñ–æ—Å. –æ–∫–æ–ª–æ –º–æ–ª–ª–∞. –ª.—Å.,"[{""Title"": ""\u041a\u0443\u0445\u043d\u044f \u0431/\u0443 \u0432 \u043d\u043e\u0440\u043c\u0430\u043b\u044c\u043d\u043e\u043c \u0441\u043e\u0441\u0442\u043e\u044f\u043d\u0438\u0438 \u0441 \u043c\u043e\u0439\u043a\u043e\u0439 \u0438 \u0434\u0432\u0443\u043c\u044f \u0441\u043c\u0435\u0441\u0438\u0442\u0435\u043b\u044f\u043c\u0438, \u0441\u0442\u043e\u043b\u0435\u0448\u043d\u0438\u0446\u0430 \u043f\u043e\u0447\u0442\u0438 \u043d\u043e\u0432\u0430\u044f"", ""Price"": ""200"", ""Currency"": ""EUR"", ""Count"": ""1""}]",1
"–ø—Ä–æ–¥–∞–º —à—Ç–∞—Ç–∏–≤ –¥–ª—è —Ñ–æ—Ç–æ–∞–ø–ø–∞—Ä–∞—Ç–∞, —É–Ω–∏–≤–µ—Ä—Å–∞–ª—å–Ω—ã–π
—Ñ–∏—Ä–º–∞ - jmary
155—Å–º (–≤ —Å–ª–æ–∂–µ–Ω–Ω–æ–º —Å–æ—Å—Ç–æ—è–Ω–∏–∏ 60—Å–º)
–∫—Ä–µ–ø–∫–∏–π, –Ω–∞–¥–µ–∂–Ω—ã–π, –∫–∞–∫ –Ω–æ–≤—ã–π
—Ü–µ–Ω–∞ - 80 –ª–∞—Ä–∏","[{""Title"": ""\u0448\u0442\u0430\u0442\u0438\u0432 \u0434\u043b\u044f \u0444\u043e\u0442\u043e\u0430\u043f\u043f\u0430\u0440\u0430\u0442\u0430, \u0443\u043d\u0438\u0432\u0435\u0440\u0441\u0430\u043b\u044c\u043d\u044b\u0439, jmary, 155\u0441\u043c"", ""Price"": ""80"", ""Currency"": ""GEL"", ""Count"": ""1""}]",1
"–ø–ª–∞—Ç—å–µ new look 
—Ç–æ–ª—å–∫–æ –ø—Ä–∏–º–µ—Ä—è–ª–∞, –Ω–∏–∫—É–¥–∞ –≤ –Ω–µ–º –Ω–µ —Ö–æ–¥–∏–ª–∞ 
—Ä–∞–∑–º–µ—Ä –Ω–∞ —Ñ–æ—Ç–æ
—Ü–µ–Ω–∞ 70 –ª–∞—Ä–∏
–≤–æ–∑–º–æ–∂–µ–Ω —Ç–æ—Ä–≥","[{""Title"": ""\u043f\u043b\u0430\u0442\u044c\u0435 new look"", ""Price"": ""70"", ""Currency"": ""GEL"", ""Count"": ""1""}]",1
"‚ÄºÔ∏è37 —Ä–∞–∑–º–µ—Ä, –Ω–æ–≤—ã–µ, 40 –ª–∞—Ä–∏‚ÄºÔ∏è","[{""Title"": ""37 \u0440\u0430\u0437\u043c\u0435\u0440, \u043d\u043e\u0432\u044b\u0435"", ""Price"": ""40"", ""Currency"": ""GEL"", ""Count"": ""1""}]",1
"–∫–æ–≤—Ä–∏–∫/–∫–æ–≤—ë—Ä, –≥–∞–±–∞—Ä–∏—Ç—ã 100√ó57 —Å–º, –æ—á–µ–Ω—å –º—è–≥–∫–∏–π, –º–æ–∂–Ω–æ —Å—Ç–∏—Ä–∞—Ç—å –≤ –º–∞—à–∏–Ω–∫–µ, –∫—É–ø–∏–ª–∏ 2 –º–µ—Å –Ω–∞–∑–∞–¥, –Ω–æ –æ—Å–æ–±–æ –Ω–µ –∏—Å–ø–æ–ª—å–∑–æ–≤–∞–ª–∏, 30 –ª–∞—Ä–∏.","[{""Title"": ""\u043a\u043e\u0432\u0440\u0438\u043a 100\u00d757 \u0441\u043c"", ""Price"": ""30"", ""Currency"": ""GEL"", ""Count"": ""1""}]",1
"–ø—Ä–æ–¥–∞–º —Ä–æ–ª–∏–∫–∏ k2, —Ö–æ—Ä–æ—à–∏–µ –ø–æ–¥—à–∏–ø–Ω–∏–∫–∏, –∫–æ–ª–µ—Å–∞ 80–º–º, —Ä 42.5. –≤ —Ö–æ—Ä–æ—à–µ–º —Å–æ—Å—Ç–æ—è–Ω–∏–∏. 30 –µ–≤—Ä–æ, –ª–∏–º–∞—Å—Å–æ–ª, –æ–≤–∞–ª","[{""Title"": ""\u0440\u043e\u043b\u0438\u043a\u0438 K2, \u0440\u0430\u0437\u043c\u0435\u0440 42.5"", ""Price"": ""30"", ""Currency"": ""EUR"", ""Count"": ""1""}]",1
"–†–∞—Å–ø—Ä–æ–¥–∞–∂–∞
–ü–ª–µ–¥—ã  —Ñ–ª–∏—Å–æ–≤—ã–π
–†–∞–∑–º–µ—Ä 180 –Ω–∞ 200 
–¶–µ–Ω–∞ : 250—Ä-  –¶–≤–µ—Ç–∞ –±–µ–∑ –≤—ã–±–æ—Ä–∞
–¶–µ–Ω–∞ : 300—Ä - –¶–≤–µ—Ç–∞ —Å –≤—ã–±–æ—Ä–æ–º 
–ê—Ä—Ç: 2–î-54 –∫–æ—Ä–ø—É—Å –ê
https://vk.com/ali_2d_54","[{""Title"": ""\u041f\u043b\u0435\u0434 \u0444\u043b\u0438\u0441\u043e\u0432\u044b\u0439, \u0440\u0430\u0437\u043c\u0435\u0440 180 \u043d\u0430 200, \u0446\u0432\u0435\u0442\u0430 \u0441 \u0432\u044b\u0431\u043e\u0440\u043e\u043c"", ""Price"": ""300"", ""Currency"": ""RUB"", ""Count"": ""1""}, {""Title"": ""\u041f\u043b\u0435\u0434 \u0444\u043b\u0438\u0441\u043e\u0432\u044b\u0439, \u0440\u0430\u0437\u043c\u0435\u0440 180 \u043d\u0430 200, \u0446\u0432\u0435\u0442\u0430 \u0431\u0435\u0437 \u0432\u044b\u0431\u043e\u0440\u0430"", ""Price"": ""250"", ""Currency"": ""RUB"", ""Count"": ""1""}]",2
"–ö–æ—Ñ—Ç–∞ –∂–µ–Ω—Å–∫–∞—è —Ä–∞–∑–º–µ—Ä s/m. –î–æ–≤–æ–ª—å–Ω–æ —Ç–æ–Ω–∫–∞—è. - 250—Ä 
–ó–∞–±–∏—Ä–∞—Ç—å –≤ –µ–¥–∏–Ω–∏—á–∫–µ.","[{""Title"": ""\u041a\u043e\u0444\u0442\u0430 \u0436\u0435\u043d\u0441\u043a\u0430\u044f \u0440\u0430\u0437\u043c\u0435\u0440 s/m, \u0442\u043e\u043d\u043a\u0430\u044f"", ""Price"": ""250"", ""Currency"": ""RUB"", ""Count"": ""1""}]",1
"üì± –ø—Ä–æ–¥–∞–º iphone 14 pro max 512gb deep purple (–∞–π—Ñ–æ–Ω 14 –ø—Ä–æ –º–∞–∫—Å —Ñ–∏–æ–ª–µ—Ç–æ–≤—ã–π)

üîπ –≤ –æ—Ç–ª–∏—á–Ω–æ–º —Å–æ—Å—Ç–æ—è–Ω–∏–∏, —Å –ø–µ—Ä–≤–æ–≥–æ –¥–Ω—è –≤ —á–µ—Ö–ª–µ –∏ —Å–æ —Å—Ç–µ–∫–ª–æ–º
üîπ —Å–æ—Å—Ç–æ—è–Ω–∏–µ –∞–∫–∫—É–º—É–ª—è—Ç–æ—Ä–∞ 96%
üîπ –Ω–æ–º–µ—Ä –º–æ–¥–µ–ª–∏ mq8g3za/a, –≤–µ—Ä—Å–∏—è —Å –¥–≤—É–º—è —Ñ–∏–∑–∏—á–µ—Å–∫–∏–º–∏ sim
üîπ –æ—Ä–∏–≥–∏–Ω–∞–ª—å–Ω—ã–π –∫–∞–±–µ–ª—å –∏ –∫–æ—Ä–æ–±–∫–∞ –≤ –∫–æ–º–ø–ª–µ–∫—Ç–µ

üéÅ –±–æ–Ω—É—Å–æ–º –æ—Ç–¥–∞–º –Ω–æ–≤–æ–µ –∑–∞—â–∏—Ç–Ω–æ–µ —Å—Ç–µ–∫–ª–æ –∏ –æ—Ä–∏–≥–∏–Ω–∞–ª—å–Ω—ã–π –∫–æ–∂–∞–Ω—ã–π —Ñ–∏–æ–ª–µ—Ç–æ–≤—ã–π —á–µ—Ö–æ–ª

üíµ —Ü–µ–Ω–∞ 3000 gel, –ø—Ä–∏–Ω–∏–º–∞—é –Ω–∞–ª–∏—á–Ω—ã–µ –∏–ª–∏ usdt

üìç –ª–æ–∫–∞—Ü–∏—è: —É –º–µ—Ç—Ä–æ –º–∞—Ä–¥–∂–∞–Ω–∏—à–≤–∏–ª–∏","[{""Title"": ""iphone 14 pro max 512gb deep purple \u0441 \u0430\u043a\u0441\u0435\u0441\u0441\u0443\u0430\u0440\u0430\u043c\u0438"", ""Price"": ""3000"", ""Currency"": ""GEL"", ""Count"": ""1""}]",1
–Ω–æ–≤—ã–π –∫–∞—Ä–±–æ–Ω–æ–≤—ã–π —á–µ—Ö–æ–ª pitaka –¥–ª—è samsung s 10 plus. —Å–¥–µ–ª–∞–Ω –∏–∑ –∫–∞—Ä–±–æ–Ω–∞. —Å—Ç–æ–∏–º–æ—Å—Ç—å 40‚Ç¨.,"[{""Title"": ""\u043a\u0430\u0440\u0431\u043e\u043d\u043e\u0432\u044b\u0439 \u0447\u0435\u0445\u043e\u043b pitaka \u0434\u043b\u044f samsung s 10 plus"", ""Price"": ""40"", ""Currency"": ""EUR"", ""Count"": ""1""}]",1
"#–ë–ù–ò_–ü—Ä–æ–¥–∞–º–ë–£_–°–∞–Ω–∫—Ç_–ü–µ—Ç–µ—Ä–±—É—Ä–≥
#–ë–ù–ò_–ê–≤–∏—Ç–æ 
#–ë–ù–ò_CDEK 
#–ë–ù–ò_–ë–æ–∫—Å–±–µ—Ä—Ä–∏
#–ë–ù–ò_id2006931

–ü—Ä–æ–¥–∞–º —Å–ª–µ–¥—É—é—â–∏–µ –∏–≥—Ä—ã:
1. –ú–∞rv–µl Z–æmbi–µs. –ù–µr–æ–µs' R–µsist–∞n—Å–µ. –û—Ç–ª–∏—á–Ω–∞—è –Ω–µ–±–æ–ª—å—à–∞—è –∫–æ—Ä–æ–±–∫–∞ —Å –∑–æ–º–±–∏—Ü–∏–¥–æ–º –∏ —Å—É–ø–µ—Ä–≥–µ—Ä–æ—è–º–∏. –£–¥–æ–±–Ω–æ –∑–Ω–∞–∫–æ–º–∏—Ç—å —Å –∏–≥—Ä–æ–π, –±—Ä–∞—Ç—å —Å —Å–æ–±–æ–π. –õ–µ–≥–∫–æ –ø–æ–º–µ—Å—Ç–∏—Ç—å—Å—è –≤ —Ä—é–∫–∑–∞–∫. –ö–∞—Ä—Ç—ã —á–µ—Ä—Ç, –≥–µ—Ä–æ–µ–≤, –ø—Ä–æ—Ö–æ–∂–∏—Ö –ø–µ—Ä–µ–≤–µ–¥–µ–Ω—ã. –í—Å–µ –∫–∞—Ä—Ç—ã –≤ –ø—Ä–æ—Ç–µ–∫—Ç–æ—Ä–∞—Ö. –í—Å–µ —Ñ–∏–≥—É—Ä–∫–∏ –ø–æ–∫—Ä–∞—à–µ–Ω—ã + —Å–¥–µ–ª–∞–Ω—ã 3 –¥–æ–ø. –≥–µ—Ä–æ—è: –î—ç–¥–ø—É–ª, –°—Ç—Ä—ç–Ω–¥–∂ –∏ –ñ–µ–ª–µ–∑–Ω—ã–π —á–µ–ª–æ–≤–µ–∫ (–∫–∞—Ä—Ç–æ—á–∫–∏ –Ω–∞ —Ä—É—Å—Å–∫–æ–º –∏ —Ñ–∏–≥—É—Ä–∫–∏ —Ç–æ–≥–æ –∂–µ –º–∞—Å—à—Ç–∞–±–∞). –¢–∞–∫–∂–µ —Å–¥–µ–ª–∞–Ω—ã –¥–æ–ø. –ø—Ä–æ—Ö–æ–∂–∏–µ (–∫–∞—Ä—Ç–æ—á–∫–∏ + –∫–∞—Ä—Ç–æ–Ω–Ω—ã–µ —Å—Ç–µ–Ω–¥–∏–∫–∏). –¢–∞–∫–∂–µ –Ω–∞–ø–µ—á–∞—Ç–∞–Ω—ã —Ä—É—Å—Å–∫–∏–µ –ø—Ä–∞–≤–∏–ª–∞ –∏ –æ—Ç–¥–µ–ª—å–Ω–æ –ø–µ—Ä–µ–≤–µ–¥–µ–Ω—ã –Ω–µ–∫–æ—Ç–æ—Ä—ã–µ –º–∏—Å—Å–∏–∏. –ù–∞ –∫–æ—Ä–æ–±–∫–µ —Å–æ—Ö—Ä–∞–Ω–∏–ª –ø–ª–µ–Ω–∫—É. –ï—Å—Ç—å –ø–æ–≤—Ä–µ–∂–¥–µ–Ω–∏–µ —É–≥–ª–∞ –∫–æ—Ä–æ–±–∫–∏ —Ç–æ–ª—å–∫–æ(( >8000 —Ä—É–±–ª–µ–π< 
2. –®–∞—Ä–ª–∞—Ç–∞–Ω—ã –∏–∑ –ö–≤–µ–¥–ª–∏–Ω–±—É—Ä–≥–∞. –ê–ª—Ö–∏–º–∏–∫–∏. –î–æ–ø–æ–ª–Ω–µ–Ω–∏–µ –∫ –æ—Ç–ª–∏—á–Ω–æ–π –∏–≥—Ä–µ –®–∞—Ä–ª–∞—Ç–∞–Ω—ã. –ö–æ–º–ø–ª–µ–∫—Ç –ø–æ–ª–Ω—ã–π. –í–ù–ò–ú–ê–ù–ò–ï: –∂–µ—Ç–æ–Ω—ã –¥–ª—è –∫–æ—Ç–ª–∞ –ø–æ–∫—Ä—ã—Ç—ã —è—Ö—Ç–µ–Ω–Ω—ã–º –ª–∞–∫–æ–º! >1950 —Ä—É–±–ª–µ–π<
3. –ö–∞—Ä–∫–∞—Å—Å–æ–Ω. –ö–æ—Ä–æ–ª–µ–≤—Å–∫–∏–π –ø–æ–¥–∞—Ä–æ–∫ –∏ –¥–æ–ø–æ–ª–Ω–µ–Ω–∏—è: –ë—Ä–æ–¥—è—á–∏–π —Ü–∏—Ä–∫, –ê–±–±–∞—Ç—Å—Ç–≤–æ –∏ –º—ç—Ä, –ë–∞—à–Ω—è. –ù–∞ –≤—Å–µ—Ö –∫–æ—Ä–æ–±–∫–∞—Ö —Å–æ—Ö—Ä–∞–Ω–µ–Ω–∞ –ø–ª–µ–Ω–∫–∞. –í—Å–µ —ç–ª–µ–º–µ–Ω—Ç—ã —Ä–∞–∑–ª–æ–∂–µ–Ω—ã –ø–æ —Å–≤–æ–∏–º –∫–æ—Ä–æ–±–∫–∞–º. –í—Å–µ –Ω–∞ –º–µ—Å—Ç–µ. >4200 —Ä—É–±–ª–µ–π<
4. –ü–∞–ªe–æ c–æ –≤—Å–µ–º–∏ –¥o–ø–æ–ª–Ωe–Ω–∏—è–º–∏: Ho–≤oe –Ωa—á–∞–ª–æ, –£–∂–∞—Å–Ω—ã–µ –ø—Ç–∏—Ü—ã –∏ O–±p—è–¥ –øo—Å–≤—è—âe–Ω–∏—è. B—Åe –≤ –∏–¥e–∞–ª—å–Ωo–º —Å–æc—Ço—è–Ω–∏–∏, –∏–≥p–∞–ª–∏ –Ω–µ–º–Ω–æ–≥o pa–∑. –ùa –±o–ª—å—à–∏—Ö –∫o—Äo–±–∫ax —Å–æxp–∞–Ω–µ–Ω–∞ –ø–ª–µ–Ω–∫–∞. –í—Å—è –∏–≥—Äa –≤ –∫o—Äo–±–∫–µ –∏–∑-–øo–¥ –±a–∑—ã —É–ºe—â–∞e—Ç—Å—è. >4500 —Ä—É–±–ªe–π<

–ü—Ä–∏ —Å–∞–º–æ–≤—ã–≤–æ–∑–µ —Å–∫–∏–¥–∫–∞!
–ü–æ–∫–∞–∑–∞—Ç—å –µ—â—ë","[{""Title"": ""\u0418\u0433\u0440\u0430 \u041a\u0430\u0440\u043a\u0430\u0441\u0441\u043e\u043d: \u041a\u043e\u0440\u043e\u043b\u0435\u0432\u0441\u043a\u0438\u0439 \u043f\u043e\u0434\u0430\u0440\u043e\u043a \u0438 \u0434\u043e\u043f\u043e\u043b\u043d\u0435\u043d\u0438\u044f (\u0411\u0440\u043e\u0434\u044f\u0447\u0438\u0439 \u0446\u0438\u0440\u043a, \u0410\u0431\u0431\u0430\u0442\u0441\u0442\u0432\u043e \u0438 \u043c\u044d\u0440, \u0411\u0430\u0448\u043d\u044f)"", ""Price"": ""4200"", ""Currency"": ""RUB"", ""Count"": ""1""}, {""Title"": ""\u0418\u0433\u0440\u0430 \u0428\u0430\u0440\u043b\u0430\u0442\u0430\u043d\u044b \u0438\u0437 \u041a\u0432\u0435\u0434\u043b\u0438\u043d\u0431\u0443\u0440\u0433\u0430: \u0410\u043b\u0445\u0438\u043c\u0438\u043a\u0438 (\u0434\u043e\u043f\u043e\u043b\u043d\u0435\u043d\u0438\u0435)"", ""Price"": ""1950"", ""Currency"": ""RUB"", ""Count"": ""1""}, {""Title"": ""\u0418\u0433\u0440\u0430 Marvel Zombies: Heroes' Resistance"", ""Price"": ""8000"", ""Currency"": ""RUB"", ""Count"": ""1""}, {""Title"": ""\u0418\u0433\u0440\u0430 Paleo \u0441 \u0434\u043e\u043f\u043e\u043b\u043d\u0435\u043d\u0438\u044f\u043c\u0438 (\u041d\u043e\u0432\u043e\u0435 \u043d\u0430\u0447\u0430\u043b\u043e, \u0423\u0436\u0430\u0441\u043d\u044b\u0435 \u043f\u0442\u0438\u0446\u044b \u0438 \u041e\u0431\u0440\u044f\u0434 \u043f\u043e\u0441\u0432\u044f\u0449\u0435\u043d\u0438\u044f)"", ""Price"": ""4500"", ""Currency"": ""RUB"", ""Count"": ""1""}]",4
"–û–∂–µ—Ä–µ–ª—å–µ —Å –ø–æ–¥–≤–µ—Å–∫–æ–π —Å–æ–ª–Ω—Ü–µ 
–¶–µ–Ω–∞: 130—Ä 
–¶–µ–Ω–∞ –û—Ç 10—à—Ç - 100—Ä 
–†–∞—Å–ø—Ä–æ–¥–∞–∂–∞ 
–¢—Ü –ö–æ—Ä–ø—É—Å-–ê 2–≤-85 
https://vk.com/the_top_sadovod","[{""Title"": ""\u041e\u0436\u0435\u0440\u0435\u043b\u044c\u0435 \u0441 \u043f\u043e\u0434\u0432\u0435\u0441\u043a\u043e\u0439 \u0441\u043e\u043b\u043d\u0446\u0435, \u043e\u043f\u0442\u043e\u0432\u0430\u044f \u0446\u0435\u043d\u0430"", ""Price"": ""1000"", ""Currency"": ""RUB"", ""Count"": ""10""}, {""Title"": ""\u041e\u0436\u0435\u0440\u0435\u043b\u044c\u0435 \u0441 \u043f\u043e\u0434\u0432\u0435\u0441\u043a\u043e\u0439 \u0441\u043e\u043b\u043d\u0446\u0435"", ""Price"": ""130"", ""Currency"": ""RUB"", ""Count"": ""1""}]",2
"—Ñ–∏–ª—å—Ç—Ä –±–∞—Ä—å–µ—Ä –Ω–æ–≤—ã–π, —Ü–≤–µ—Ç –±–µ–ª—ã–π, —Ñ–æ—Ä–º–∞ –∫—Ä—É–≥–ª–∞—è –≤ –∫–æ–º–ø–ª–µ–∫—Ç–µ –æ–¥–∏–Ω –∫–∞—Ä—Ç—Ä–∏–¥–∂. 65 –ª–∞—Ä–∏","[{""Title"": ""\u0444\u0438\u043b\u044c\u0442\u0440 \u0431\u0430\u0440\u044c\u0435\u0440 \u043d\u043e\u0432\u044b\u0439 \u0441 \u043e\u0434\u043d\u0438\u043c \u043a\u0430\u0440\u0442\u0440\u0438\u0434\u0436\u0435\u043c"", ""Price"": ""65"", ""Currency"": ""GEL"", ""Count"": ""1""}]",1
"–æ—Ç–¥–∞–º –ø–æ—á—Ç–∏ –¥–∞—Ä–æ–º –∑–∞ —Å–∏–º–≤–æ–ª–∏—á–µ—Å–∫–∏–µ 20 –µ–≤—Ä–æ, –±/—É –≥–æ—Ä–Ω–æ–ª—ã–∂–Ω—ã–π —à–ª–µ–º dainese —Å—Ä–µ–¥–Ω–µ–≥–æ —Ä–∞–∑–º–µ—Ä–∞, —á–µ—Ä–Ω—ã–π —Å –±–æ—Ä–¥–æ–≤—ã–º. –ª–∏–º–∞—Å—Å–æ–ª","[{""Title"": ""\u0431/\u0443 \u0433\u043e\u0440\u043d\u043e\u043b\u044b\u0436\u043d\u044b\u0439 \u0448\u043b\u0435\u043c dainese \u0441\u0440\u0435\u0434\u043d\u0435\u0433\u043e \u0440\u0430\u0437\u043c\u0435\u0440\u0430, \u0447\u0435\u0440\u043d\u044b\u0439 \u0441 \u0431\u043e\u0440\u0434\u043e\u0432\u044b\u043c"", ""Price"": ""20"", ""Currency"": ""EUR"", ""Count"": ""1""}]",1
"–ü–æ–¥—É—à–∫–∞, –≤–µ–ª—é—Ä
–¶–µ–Ω–∞: 200—Ä—É–±
–†–∞—Å–ø—Ä–æ–¥–∞–∂–∞
–ë–µ–∑ –≤—ã–±–æ—Ä–∞ —Ü–≤–µ—Ç–∞
–¢—Ü –∫–æ—Ä–ø—É—Å –ê  1–ë-47","[{""Title"": ""\u041f\u043e\u0434\u0443\u0448\u043a\u0430, \u0432\u0435\u043b\u044e\u0440"", ""Price"": ""200"", ""Currency"": ""RUB"", ""Count"": ""1""}]",1
"—Ñ–∏–Ω—Å–∫–∏–π —Å–æ–±–∞—á–∏–π –ø–ª–∞—â rukka 
–Ω–æ–≤—ã–π, —Ä–∞–∑–º–µ—Ä –Ω–∞ —ç—Ç–∏–∫–µ—Ç–∫–µ
25‚Ç¨ –ª–∏–º–∞—Å—Å–æ–ª","[{""Title"": ""\u0444\u0438\u043d\u0441\u043a\u0438\u0439 \u0441\u043e\u0431\u0430\u0447\u0438\u0439 \u043f\u043b\u0430\u0449 rukka"", ""Price"": ""25"", ""Currency"": ""EUR"", ""Count"": ""1""}]",1
"–ø—Ä–æ–¥–∞—ë—Ç—Å—è –∫–∞–º–µ—Ä–∞ nikon 3200 –ª–∏–Ω–∑–∞ 18-55mm
—Å–ø–µ—Ü–∏—Ñ–∏–∫–∞—Ü–∏–∏ –∫–∞–º–µ—Ä—ã:
 - 24mp cmos sensor
 - iso 100-6400 (plus iso 12,800-equivalent hi1 setting)
 - expeed 3 processing
 - 3.0"", 920k dot screen
 - full hd 1080p30 video (with 25p and 24p options)
 - microphone socket
 - twin ir remote receivers
 - 4 frame-per-second continuous shooting
 - guide mode

–∫–æ–º–ø–ª–µ–∫—Ç:
 - –∫–∞–º–µ—Ä–∞
 - –ª–∏–Ω–∑–∞
 - —Å—É–º–∫–∞
 - –ø—Ä–æ–≤–æ–¥ –¥–ª—è –ø–æ–¥–∫–ª—é—á–µ–Ω–∏—è –∫ –∫–æ–º–ø—É
 - –ø—É–ª—å—Ç –¥—É
 - –∑–∞—Ä—è–¥–Ω–æ–µ —É—Å—Ç—Ä–æ–π—Å—Ç–≤–æ
 - uv —Ñ–∏–ª—å—Ç—Ä —Å —á–µ—Ö–ª–æ–º
 - –±–∞—à–º–∞–∫ –¥–ª—è –ø—Ä–æ–≤–µ—Ä–∫–∏ –Ω–∞–∫–ª–æ–Ω–∞
 - –µ—â–µ –∫–∞–∫–∏–µ-—Ç–æ –¥–≤–µ —à—Ç—É–∫–∏
 
 —Ü–µ–Ω–∞: 250 –µ–≤—Ä–æ","[{""Title"": ""\u041a\u043e\u043c\u043f\u043b\u0435\u043a\u0442 Nikon 3200 \u0441 \u043b\u0438\u043d\u0437\u043e\u0439 18-55mm \u0438 \u0430\u043a\u0441\u0435\u0441\u0441\u0443\u0430\u0440\u0430\u043c\u0438"", ""Price"": ""250"", ""Currency"": ""EUR"", ""Count"": ""1""}]",1
"–ø—Ä–∏–≤–µ—Ç!
–ø—Ä–æ–¥–æ–ª–∂–∞–µ–º —Ä–∞—Å–ø—Ä–æ–¥–∞–∂—É:
–º–æ–Ω–∏—Ç–æ—Ä dell p2419h
–¥–∏–∞–≥–æ–Ω–∞–ª—å - 24 –¥—é–π–º–∞
—Å–æ—Å—Ç–æ—è–Ω–∏–µ - –Ω–æ–≤—ã–π
–≥–¥–µ - –ª–∏–º–∞—Å—Å–æ–ª
—Ü–µ–Ω–∞ - 160 –µ–≤—Ä–æ
–ø—Ä–µ–∫—Ä–∞—Å–Ω—ã–π –≤—ã–±–æ—Ä –¥–ª—è –¥–æ–º–∞—à–Ω–µ–≥–æ –æ—Ñ–∏—Å–∞
–≤ –Ω–∞–ª–∏—á–∏–∏ –±–æ–ª—å—à–µ 10 —à—Ç—É–∫ + —Ä–∞–±–æ—á–∏–µ –º–µ—Å—Ç–∞
–∏–±–ø apc back-ups 850va 230v - 155 –µ–≤—Ä–æ
–≥–∞—Ä–Ω–∏—Ç—É—Ä–∞ logitech h340 - 30 –µ–≤—Ä–æ
–≤–µ–±–∫–∞–º–µ—Ä–∞ logitech c925e - 75 –µ–≤—Ä–æ
–ø–∫ hp prodesk 600 g6 desktop mini pc 1d2e3ea#abb - 820 –µ–≤—Ä–æ
—Ä–∞–∑—É–º–Ω—ã–π —Ç–æ—Ä–≥ —É–º–µ—Å—Ç–µ–Ω.
–≤—Å–µ –∞–±—Å–æ–ª—é—Ç–Ω–æ –Ω–æ–≤–æ–µ –∏ –Ω–∞ –≥–∞—Ä–∞–Ω—Ç–∏–∏.","[{""Title"": ""\u0432\u0435\u0431\u043a\u0430\u043c\u0435\u0440\u0430 Logitech C925e"", ""Price"": ""75"", ""Currency"": ""EUR"", ""Count"": ""1""}, {""Title"": ""\u0418\u0411\u041f APC Back-UPS 850VA 230V"", ""Price"": ""155"", ""Currency"": ""EUR"", ""Count"": ""1""}, {""Title"": ""\u0433\u0430\u0440\u043d\u0438\u0442\u0443\u0440\u0430 Logitech H340"", ""Price"": ""30"", ""Currency"": ""EUR"", ""Count"": ""1""}, {""Title"": ""\u041f\u041a HP ProDesk 600 G6 Desktop Mini PC 1D2E3EA#ABB"", ""Price"": ""820"", ""Currency"": ""EUR"", ""Count"": ""1""}]",4
"–†–∞—Å–ø—Ä–æ–¥–∞–∂–∞
–ü–ª–∞—Ç—å–µ
–¶–µ–Ω–∞: 200—Ä
–¢–∫–∞–Ω—å: –õ–∞–π—Ç
–†–∞–∑–º–µ—Ä: 50-52-54-56-58
–ë–µ–∑ –≤—ã–±–æ—Ä–∞ —Ü–≤–µ—Ç–∞
–ê–†–¢: 2–î-87 –∫–æ—Ä–ø—É—Å –ë","[{""Title"": ""\u041f\u043b\u0430\u0442\u044c\u0435"", ""Price"": ""200"", ""Currency"": ""RUB"", ""Count"": ""1""}]",1
–≤–µ—à–∞–ª–∫–∞ –¥–ª—è –æ–¥–µ–∂–¥—ã 70 –ª–∞—Ä–∏,"[{""Title"": ""\u0432\u0435\u0448\u0430\u043b\u043a\u0430 \u0434\u043b\u044f \u043e\u0434\u0435\u0436\u0434\u044b"", ""Price"": ""70"", ""Currency"": ""GEL"", ""Count"": ""1""}]",1
"–∑–¥—Ä–∞–≤—Å—Ç–≤—É–π—Ç–µ. –ø—Ä–æ–¥–∞–º —ç–ª–µ–∫—Ç—Ä–æ–Ω–Ω—É—é –∫–Ω–∏–≥—É, 70 –ª–∞—Ä–∏","[{""Title"": ""\u044d\u043b\u0435\u043a\u0442\u0440\u043e\u043d\u043d\u0430\u044f \u043a\u043d\u0438\u0433\u0430"", ""Price"": ""70"", ""Currency"": ""RUB"", ""Count"": ""1""}]",1
–ú–∞—Ç–∏—Ä—É—é—â–∏–π —Ç–æ–Ω–∞–ª—å–Ω—ã–π –∫—É—à–æ–Ω –¥–ª—è –ª–∏—Ü–∞ 1500,"[{""Title"": ""\u041c\u0430\u0442\u0438\u0440\u0443\u044e\u0449\u0438\u0439 \u0442\u043e\u043d\u0430\u043b\u044c\u043d\u044b\u0439 \u043a\u0443\u0448\u043e\u043d \u0434\u043b\u044f \u043b\u0438\u0446\u0430"", ""Price"": ""1500"", ""Currency"": ""RUB"", ""Count"": ""1""}]",1
"—Ç–µ–ª–µ–≤–∏–∑–æ—Ä lg, –≤ –æ—Ç–ª–∏—á–Ω–æ–º —Å–æ—Å—Ç–æ—è–Ω–∏–∏ –∏ —É–ø–∞–∫–æ–≤–∞–Ω–Ω—ã–π. –ø—Ä–æ–¥–∞—ë—Ç—Å—è —Å –ø—É–ª—å—Ç–æ–º, –∫—Ä–µ–ø–ª–µ–Ω–∏–µ–º –∏ —Ä–µ—Å–∏–≤–µ—Ä–æ–º. –Ω–æ–≤—ã–π. –ª–∏–º–∞—Å—Å–æ–ª. —Å—Ç–æ–∏–º–æ—Å—Ç—å : 180 –µ–≤—Ä–æ.","[{""Title"": ""\u0442\u0435\u043b\u0435\u0432\u0438\u0437\u043e\u0440 lg \u0441 \u043f\u0443\u043b\u044c\u0442\u043e\u043c, \u043a\u0440\u0435\u043f\u043b\u0435\u043d\u0438\u0435\u043c \u0438 \u0440\u0435\u0441\u0438\u0432\u0435\u0440\u043e\u043c"", ""Price"": ""180"", ""Currency"": ""\u0435\u0432\u0440\u043e"", ""Count"": ""1""}]",1
–ø—Ä–æ–¥–∞—é . —Ç–µ–ª–µ–≤–∏–∑–æ—Ä —Å –ø–æ–¥—Å—Ç–∞–≤–∫–æ–π. —Ü–µ–Ω–∞ 150 –µ–≤—Ä–æ. –ª–∏–º–∞—Å—Å–æ–ª,"[{""Title"": ""\u0442\u0435\u043b\u0435\u0432\u0438\u0437\u043e\u0440 \u0441 \u043f\u043e\u0434\u0441\u0442\u0430\u0432\u043a\u043e\u0439"", ""Price"": ""150"", ""Currency"": ""\u0435\u0432\u0440\u043e"", ""Count"": ""1""}]",1
"–ü–∞–ª–æ—á–Ω–∏–∫–∏ –ø–∞–ª–æ—á–Ω–∏–∫–∏ –ø–∞–ª–æ—á–Ω–∏–∫–∏.

–ò—Ö –≤—Å–µ –µ—â—ë –º–Ω–æ–≥–æ. 

[id28336140|@mashirin] 

–°–º–æ—Ç—Ä–∏—Ç–µ –∑–∞–∫—Ä–µ–ø",[],0
"—Ä–µ—Å–∏–≤–µ—Ä –≤ —Ö–æ—Ä–æ—à–µ–º —Å–æ—Å—Ç–æ—è–Ω–∏–∏, –ø—É–ª—å—Ç –æ—Ç—Å—É—Ç—Å—Ç–≤—É–µ—Ç. 5‚Ç¨ –ª–∏–º–∞—Å—Å–æ–ª","[{""Title"": ""\u0440\u0435\u0441\u0438\u0432\u0435\u0440 \u0432 \u0445\u043e\u0440\u043e\u0448\u0435\u043c \u0441\u043e\u0441\u0442\u043e\u044f\u043d\u0438\u0438"", ""Price"": ""5"", ""Currency"": ""EUR"", ""Count"": ""1""}]",1
"–ü—Ä–æ–¥–∞–º –∫—É—Ä—Ç–∫–∏ –∂–µ–Ω—Å–∫–∏–µ, —Ä–∞–∑–º–µ—Ä 48-50. –î–∂–∏–Ω—Å–æ–≤–∞—è 1800 –ö–æ–∂–∞–Ω–∞—è 1500","[{""Title"": ""\u0414\u0436\u0438\u043d\u0441\u043e\u0432\u0430\u044f \u043a\u0443\u0440\u0442\u043a\u0430 \u0436\u0435\u043d\u0441\u043a\u0430\u044f"", ""Price"": ""1800"", ""Currency"": ""RUB"", ""Count"": ""1""}, {""Title"": ""\u041a\u043e\u0436\u0430\u043d\u0430\u044f \u043a\u0443\u0440\u0442\u043a\u0430 \u0436\u0435\u043d\u0441\u043a\u0430\u044f"", ""Price"": ""1500"", ""Currency"": ""RUB"", ""Count"": ""1""}]",2
"–ø—Ä–æ–¥–∞—é—Ç—Å—è –∫–∞—Ä—Ç–∏–Ω—ã üé®
–º–∞—Å–ª–æ/—Ö–æ–ª—Å—Ç
35—Ö30
35—Ö25
100 –ª–∞—Ä–∏ –∑–∞ –∫–∞–∂–¥—É—é ‚òòÔ∏è","[{""Title"": ""\u041a\u0430\u0440\u0442\u0438\u043d\u0430 \u043c\u0430\u0441\u043b\u043e/\u0445\u043e\u043b\u0441\u0442 35x30"", ""Price"": ""100"", ""Currency"": ""GEL"", ""Count"": ""1""}]",1
"#–ø—Ä–æ–¥–∞–º —Ä–∞–∫–µ—Ç—É cannondale supersix evo üöÄ‚ò∫Ô∏è
–∫—Ä–∞—Å–∏–≤–∞—è –∫–æ–º–∞–Ω–¥–Ω–∞—è —Ä–∞—Å—Ü–≤–µ—Ç–∫–∞. —Ç–∞–∫–æ–π –±—ã–ª —É —Å–∞–≥–∞–Ω–∞ :)
—Ä–∞–∑–º–µ—Ä –º(54)

–æ—á–µ–Ω—å –ª–µ–≥–∫–∏–π, –≤ —Ö–æ—Ä–æ—à–µ–º —Å–æ—Å—Ç–æ—è–Ω–∏–∏, –≤–µ—Å –±–µ–∑ –ø–µ–¥–∞–ª–µ–π: 7,2–∫–≥ üî•

—Ä–∞–º–∞, –≤–∏–ª–∫–∞, –ø–æ–¥—Å–µ–¥–µ–ª, —à–∞—Ç—É–Ω—ã - –∫–∞—Ä–±–æ–Ω ü™∂

‚öô –≥—Ä—É–ø—Å–µ—Ç: campagnolo chorus 11 speed.
–ª–µ–≥–∫–∞—è —Å–∏—Å—Ç–µ–º–∞: fsa 52/36
–∫–∞—Å—Å–µ—Ç–∞: campagnolo 11-25
–∫–∞—Ä–±–æ–Ω–æ–≤—ã–µ —à–∞—Ç—É–Ω—ã: sram s series carbon 172,5
—Ç–æ—Ä–º–æ–∑–∞: campagnolo chorus, –∫–∞—Ä–±–æ—Ä—É—á–∫–∏
–∫–æ–ª–µ—Å–∞: –ª–µ–≥–∫–∏–µ –∞–ª—é–º–∏–Ω–∏–µ–≤—ã–µ, –ø–æ–¥ —Ç—É–±—É–ª–µ—Å—Å, –Ω–æ —Å—Ç–æ—è—Ç –∫–∞–º–µ—Ä—ã. –∑–∞–¥–Ω–µ–µ: campagnolo zonda. –ø–µ—Ä–µ–¥–Ω–µ–µ: fulcrum racing 1
–ø–æ–∫—Ä—ã—à–∫–∏: vittoria rubino pro 700x23 
—Ä—É–ª—å: specialized tarmac bend al-6061
—Å–µ–¥–ª–æ: prologo kappa evo
—Ü–µ–ø—å: sram red

–∏–∑ —Ä–∞—Å—Ö–æ–¥–Ω–∏–∫–æ–≤: –Ω–∞ –ø–æ–¥—Ö–æ–¥–µ –∫–æ–ª–æ–¥–∫–∏.

–±–æ–Ω—É—Å: —Ç–æ–ø-–æ–±–º–æ—Ç–∫–∞ lizard skins –≤ —Ü–≤–µ—Ç –≤–µ–ª–∞ –≤ –ø–æ–¥–∞—Ä–æ–∫, –∑–∞–ø–∞—Å –ø–æ —Ü–µ–ø–∏ —Ö–æ—Ä–æ—à–∏–π.

—Ü–µ–Ω–∞: $1500
–ø—Ä–æ–¥–∞–µ—Ç—Å—è –±–µ–∑ –ø–µ–¥–∞–ª–µ–π.

—Ç–∞–∫–∂–µ –µ—Å—Ç—å –Ω–æ–≤–∞—è –ª–µ–≥–∫–∞—è –∫–∞—Å—Å–µ—Ç–∞ miche primato campagnolo 12-29, made in italy","[{""Title"": ""\u0412\u0435\u043b\u043e\u0441\u0438\u043f\u0435\u0434 Cannondale Supersix Evo"", ""Price"": ""1500"", ""Currency"": ""USD"", ""Count"": ""1""}]",1
"–Ω–æ–≤—ã–π –¥–µ–∫–æ—Ä –¥–ª—è –¥–æ–º–∞, –≤—Å–µ –∑–∞ 5 –µ–≤—Ä–æ. –ª–∏–º–∞—Å—Å–æ–ª, 4 seasons –∏–ª–∏ –∏–ø—Å–æ–Ω–∞—Å","[{""Title"": ""\u043d\u043e\u0432\u044b\u0439 \u0434\u0435\u043a\u043e\u0440 \u0434\u043b\u044f \u0434\u043e\u043c\u0430"", ""Price"": ""5"", ""Currency"": ""EUR"", ""Count"": ""1""}]",1
"–ø—Ä–æ–¥–∞–µ–º –≤ —Å–≤—è–∑–∏ —Å –æ—Ç—ä–µ–∑–¥–æ–º:
1.  –∫–∞—Å—Ç—Ä—é–ª—è –Ω–µ–±–æ–ª—å—à–∞—è —Å —Ä–µ–∑–∏–Ω–æ–≤—ã–º–∏ —Ä—É—á–∫–∞–º–∏ (–∫—É–ø–ª–µ–Ω–∞ –æ–∫–æ–ª–æ –º–µ—Å—è—Ü–∞ –Ω–∞–∑–∞–¥ –≤ –≥–æ—Ä–≥–∏–∏) -35 –ª–∞—Ä–∏ 
 2. –Ω–∞–±–æ—Ä —Å—Ç–∞–∫–∞–Ω–æ–≤ ikea (4—à—Ç) - 20 –ª–∞—Ä–∏
 3. –ø–æ—Å—É–¥–∞ –¥–µ–∫–æ—Ä–∞—Ç–∏–≤–Ω–∞—è - –∑–∞ –≤—Å–µ 30 –ª–∞—Ä–∏
 4. –Ω–∞–±–æ—Ä –ø–æ—Å—É–¥—ã —á–µ—Ä–Ω—ã–π –∫–µ—Ä–∞–º–∏–∫–∞ 16 –ø—Ä–µ–¥–º. (—Å wildberries) - 100–ª–∞—Ä–∏
 5. 4 —Å–∞–ª—Ñ–µ—Ç–∫–∏ –¥–∂—É—Ç–æ–≤—ã–µ + —Å–∞–ª—Ñ–µ—Ç–Ω–∏—Ü–∞ - 20 –ª–∞—Ä–∏
 6. –∫–æ–≤–µ—Ä –±–µ–∑–≤–æ—Ä—Å–æ–≤—ã–π jysk - 150 –ª–∞—Ä–∏ (—Ä–∞–∑–º–µ—Ä 130*193 –∫—É–ø–∏–ª–∏ —Å–æ–≤—Å–µ–º –Ω–µ–¥–∞–≤–Ω–æ, –¥–µ—Ñ–µ–∫—Ç–æ–≤ –Ω–µ—Ç)

–ø—Ä–∏ –ø–æ–∫—É–ø–∫–µ –Ω–µ—Å–∫–æ–ª—å–∫–∏—Ö –≤–µ—â–µ–π —Å—Ä–∞–∑—É - —Å–∫–∏–¥–∫–∞ üí∏
—Ç–µ—Ä—Ä–∏—Ç–æ—Ä–∏–∞–ª—å–Ω–æ üìç–º. –≥–æ—Å—É–Ω–æ–≤–µ—Ä—Å–∏—Ç–µ—Ç","[{""Title"": ""\u043a\u0430\u0441\u0442\u0440\u044e\u043b\u044f \u043d\u0435\u0431\u043e\u043b\u044c\u0448\u0430\u044f \u0441 \u0440\u0435\u0437\u0438\u043d\u043e\u0432\u044b\u043c\u0438 \u0440\u0443\u0447\u043a\u0430\u043c\u0438"", ""Price"": ""35"", ""Currency"": ""\u043b\u0430\u0440\u0438"", ""Count"": ""1""}, {""Title"": ""\u043d\u0430\u0431\u043e\u0440 \u0441\u0442\u0430\u043a\u0430\u043d\u043e\u0432 ikea"", ""Price"": ""20"", ""Currency"": ""\u043b\u0430\u0440\u0438"", ""Count"": ""4 \u0448\u0442""}, {""Title"": ""\u043f\u043e\u0441\u0443\u0434\u0430 \u0434\u0435\u043a\u043e\u0440\u0430\u0442\u0438\u0432\u043d\u0430\u044f"", ""Price"": ""30"", ""Currency"": ""\u043b\u0430\u0440\u0438"", ""Count"": ""1""}, {""Title"": ""\u043d\u0430\u0431\u043e\u0440 \u043f\u043e\u0441\u0443\u0434\u044b \u0447\u0435\u0440\u043d\u044b\u0439 \u043a\u0435\u0440\u0430\u043c\u0438\u043a\u0430"", ""Price"": ""100"", ""Currency"": ""\u043b\u0430\u0440\u0438"", ""Count"": ""16 \u043f\u0440\u0435\u0434\u043c.""}, {""Title"": ""\u0441\u0430\u043b\u0444\u0435\u0442\u043a\u0438 \u0434\u0436\u0443\u0442\u043e\u0432\u044b\u0435 \u0441 \u0441\u0430\u043b\u0444\u0435\u0442\u043d\u0438\u0446\u0435\u0439"", ""Price"": ""20"", ""Currency"": ""\u043b\u0430\u0440\u0438"", ""Count"": ""1""}, {""Title"": ""\u043a\u043e\u0432\u0435\u0440 \u0431\u0435\u0437\u0432\u043e\u0440\u0441\u043e\u0432\u044b\u0439 jysk"", ""Price"": ""150"", ""Currency"": ""\u043b\u0430\u0440\u0438"", ""Count"": ""1""}]",6
"–ø—Ä–æ–¥–∞—é bluetooth –∫–ª–∞–≤–∏–∞—Ç—É—Ä—É apple (–∞–Ω–≥–ª–∏–π—Å–∫–∞—è —Ä–∞—Å–∫–ª–∞–¥–∫–∞) –∏ —Ç—Ä–µ–∫–ø–∞–¥ apple (2–µ –ø–æ–∫–æ–ª–µ–Ω–∏–µ). 

–ø—Ä–æ–¥–∞—é –ø–æ—Ç–æ–º—É —á—Ç–æ –ª–µ–∂–∞—Ç –±–µ–∑ –¥–µ–ª–∞. —Ç–µ—Ö–Ω–∏—á–µ—Å–∫–∏ –ø—Ä–∞–∫—Ç–∏—á–µ—Å–∫–∏ –Ω–µ –∏—Å–ø–æ–ª—å–∑–æ–≤–∞–ª–∏—Å—å, –Ω–æ –ø–æ—Å–∫–æ–ª—å–∫—É –º–Ω–æ–≥–æ –ø–µ—Ä–µ–µ–∑–∂–∞–ª–∏ –∏ –≤–æ–∑–∏–ª–∏ –∏—Ö  –∑–∞ —Å–æ–±–æ–π, –Ω–∞ –∑–∞–¥–Ω–µ–π –ø–æ–≤–µ—Ä—Ö–Ω–æ—Å—Ç–∏ –µ—Å—Ç—å –º–∞–ª–µ–Ω—å–∫–∏–µ —Ü–∞—Ä–∞–ø–∏–Ω–∫–∏ –Ω–∞ –ø–ª–∞—Å—Ç–∏–∫–µ –∏ –Ω–∞ –∫–ª–∞–≤–∏–∞—Ç—É—Ä–µ –µ—Å—Ç—å –Ω–µ—Å–∫–æ–ª—å–∫–æ –Ω–µ–±–æ–ª—å—à–∏—Ö —Å–∫–æ—Å–æ–≤ –Ω–∞ —É–≥–ª–∞—Ö –ø–æ–≤–µ—Ä—Ö–Ω–æ—Å—Ç–∏ (—Å–º–æ—Ç—Ä–∏—Ç–µ –Ω–∞ —Ñ–æ—Ç–æ).
–º–æ–≥—É —Å–∫–∏–Ω—É—Ç—å –≤–∏–¥–µ–æ —á—Ç–æ–±—ã –ø–æ–∫–∞–∑–∞—Ç—å —Å–æ—Å—Ç–æ—è–Ω–∏–µ. 

—Å—Ç–æ–∏–º–æ—Å—Ç—å: 
–∫–ª–∞–≤–∏–∞—Ç—É—Ä–∞ 250 –ª–∞—Ä–∏
—Ç—Ä–µ–∫–ø–∞–¥ 300 –ª–∞—Ä–∏ 

–µ—Å–ª–∏ –ø–æ–∫—É–ø–∞–µ—Ç–µ –∫–æ–º–ø–ª–µ–∫—Ç–æ–º, —Ç–æ –∑–∞ 500–ª–∞—Ä–∏. 

–∫–æ—Ä–æ–±–∫–∞ –Ω–µ —Å–æ—Ö—Ä–∞–Ω–∏–ª–∞—Å—å. 

–∑–∞–±–∏—Ä–∞—Ç—å –≤ —Ä–∞–π–æ–Ω–µ –≤–∏–Ω–Ω–æ–π —Ñ–∞–±—Ä–∏–∫–∏ (–º–µ–ª–∏–∫–∏—à–≤–∏–ª–∏/ –∏–ª–∏ –≤ –Ω–∞—á–∞–ª–µ —á–∞–≤—á–∞–≤–∞–¥–∑–µ). 
—Ç–∞–∫–∂–µ –º–æ–≥—É –æ—Ç–ø—Ä–∞–≤–∏—Ç—å —Å —è–Ω–¥–µ–∫—Å –∫—É—Ä—å–µ—Ä–æ–º.","[{""Title"": ""\u041a\u043e\u043c\u043f\u043b\u0435\u043a\u0442 Bluetooth \u043a\u043b\u0430\u0432\u0438\u0430\u0442\u0443\u0440\u0430 Apple (\u0430\u043d\u0433\u043b\u0438\u0439\u0441\u043a\u0430\u044f \u0440\u0430\u0441\u043a\u043b\u0430\u0434\u043a\u0430) \u0438 \u0442\u0440\u0435\u043a\u043f\u0430\u0434 Apple (2\u0435 \u043f\u043e\u043a\u043e\u043b\u0435\u043d\u0438\u0435)"", ""Price"": ""500"", ""Currency"": ""\u043b\u0430\u0440\u0438"", ""Count"": ""1""}]",1
—Å—Ç—É–ª –∫—Ä–µ—Å–ª–æ —Ä–∞—Å–∫–ª–∞–¥–Ω–æ–π –º–∞—Å—Å–∏–≤ –¥–µ—Ä–µ–≤–∞ 30 –µ–≤—Ä–æ –ª–∏–º–∞—Å—Å–æ–ª,"[{""Title"": ""\u0441\u0442\u0443\u043b \u043a\u0440\u0435\u0441\u043b\u043e \u0440\u0430\u0441\u043a\u043b\u0430\u0434\u043d\u043e\u0439 \u043c\u0430\u0441\u0441\u0438\u0432 \u0434\u0435\u0440\u0435\u0432\u0430"", ""Price"": ""30"", ""Currency"": ""EUR"", ""Count"": ""1""}]",1
"–ë–æ—Ç–∏–Ω–∫–∏ R–µ—ñm–∞ —Ä.25-1000—Ä—É–±.

#–ë–î_–æ–±—É–≤—å","[{""Title"": ""\u0411\u043e\u0442\u0438\u043d\u043a\u0438 Reima \u0440. 25"", ""Price"": ""1000"", ""Currency"": ""RUB"", ""Count"": ""1""}]",1
"—Å–∞—Ä–æ—á–∫–∞ -25 –ª–∞—Ä–∏ 
–∂–∞–∫–µ—Ç -30 –ª–∞—Ä–∏","[{""Title"": ""\u0436\u0430\u043a\u0435\u0442"", ""Price"": ""30"", ""Currency"": ""GEL"", ""Count"": ""1""}]",1
"–†–∞—Å–ø—Ä–æ–¥–∞–∂–∞ 
–†–∞–∑–º–µ—Ä: 0-1-2-3-4 –ª–µ—Ç
–¶–µ–Ω–∞: 50—Ä  ( —É–ø—Ç  12 –ø–∞—Ä √ó50—Ä)
–ë–µ–∑ –≤—ã–±–æ—Ä–∞ 
–ê—Ä—Ç:  2–í-24 –∫–æ—Ä–ø—É—Å  –ê","[{""Title"": ""\u0420\u0430\u0441\u043f\u0440\u043e\u0434\u0430\u0436\u0430 \u0434\u0435\u0442\u0441\u043a\u0438\u0445 \u0442\u043e\u0432\u0430\u0440\u043e\u0432 \u0434\u043b\u044f \u0432\u043e\u0437\u0440\u0430\u0441\u0442\u0430 \u043e\u0442 0 \u0434\u043e 4 \u043b\u0435\u0442"", ""Price"": ""600"", ""Currency"": ""RUB"", ""Count"": ""12 \u043f\u0430\u0440""}]",1
"1. –ø–æ–¥—É—à–∫–∞ –¥–ª—è –∫–æ—Ä–º–ª–µ–Ω–∏—è, –≤ –æ—Ç–ª–∏—á–Ω–æ–º —Å–æ—Å—Ç–æ—è–Ω–∏–∏. —Ö–æ—Ä–æ—à–æ –¥–µ—Ä–∂–∏—Ç —Ñ–æ—Ä–º—É. 20 –ª–∞—Ä–∏

2. –ª—é–ª—å–∫–∞ –æ—Ç –≥—Ä—É–∑–∏–Ω—Å–∫–æ–≥–æ –±—Ä–µ–Ω–¥–∞ mimo. –Ω–µ –∏—Å–ø–æ–ª—å–∑–æ–≤–∞–ª–∞—Å—å, –¥–æ 3-4 –º–µ—Å –ø–æ–¥–æ–π–¥–µ—Ç. –∫–ª–∞—Å—Ç—å –º–æ–∂–Ω–æ –∏ –≤ –∫–æ–ª—è—Å–∫—É –∏ –Ω–∞ –∫—Ä–æ–≤–∞—Ç—å –∏ –Ω–∞ –ø–µ–ª–µ–Ω–∞–ª—å–Ω—ã–π —Å—Ç–æ–ª–∏–∫ –∏—Å–ø–æ–ª—å–∑–æ–≤–∞–ª–∏ –∫–∞–∫ –±–æ—Ä—Ç–∏–∫. 30 –ª–∞—Ä–∏

—Å–∞–±—É—Ä—Ç–∞–ª–æ","[{""Title"": ""\u043f\u043e\u0434\u0443\u0448\u043a\u0430 \u0434\u043b\u044f \u043a\u043e\u0440\u043c\u043b\u0435\u043d\u0438\u044f"", ""Price"": ""20"", ""Currency"": ""\u043b\u0430\u0440\u0438"", ""Count"": ""1""}, {""Title"": ""\u043b\u044e\u043b\u044c\u043a\u0430 \u043e\u0442 \u0433\u0440\u0443\u0437\u0438\u043d\u0441\u043a\u043e\u0433\u043e \u0431\u0440\u0435\u043d\u0434\u0430 mimo"", ""Price"": ""30"", ""Currency"": ""\u043b\u0430\u0440\u0438"", ""Count"": ""1""}]",2
"1.—Ç–æ–ª—Å—Ç–æ–≤–∫–∞ Sela, —Ä–∞–∑–º–µ—Ä 116,—Ü–µ–Ω–∞ 400 —Ä—É–± 2.–∫–æ—Ñ—Ç–∞, —Ä–∞–∑–º–µ—Ä 104,300 —Ä—É–±–ª–µ–π","[{""Title"": ""\u0442\u043e\u043b\u0441\u0442\u043e\u0432\u043a\u0430 Sela, \u0440\u0430\u0437\u043c\u0435\u0440 116"", ""Price"": ""400"", ""Currency"": ""RUB"", ""Count"": ""1""}, {""Title"": ""\u043a\u043e\u0444\u0442\u0430, \u0440\u0430\u0437\u043c\u0435\u0440 104"", ""Price"": ""300"", ""Currency"": ""RUB"", ""Count"": ""1""}]",2
"110 —Ä–∞–∑–º–µ—Ä
–°–æ—Å—Ç–æ—è–Ω–∏–µ –Ω–æ–≤–æ–≥–æ
1000 —Ä—É–±","[{""Title"": ""\u041e\u0434\u0435\u0436\u0434\u0430 \u0440\u0430\u0437\u043c\u0435\u0440 110"", ""Price"": ""1000"", ""Currency"": ""RUB"", ""Count"": ""1""}]",1
"—Ç—Ä–µ–∫–∏–Ω–≥–æ–≤—ã–µ –ø–∞–ª–∫–∏ campleader

—É–¥–æ–±–Ω–æ –±—Ä–∞—Ç—å —Å —Å–æ–±–æ–π ‚Äî —Å–æ–±–∏—Ä–∞—é—Ç—Å—è –≤ —á–µ—Ö–æ–ª, –∑–∞–Ω–∏–º–∞—é—Ç –º–∞–ª–æ –º–µ—Å—Ç–∞ –∏ –ª—ë–≥–∫–∏–µ (300–≥—Ä)

—É–Ω–∏–≤–µ—Ä—Å–∞–ª—å–Ω—ã–µ ‚Äî –≤ –∫–æ–º–ø–ª–µ–∫—Ç–µ –Ω–∞—Å–∞–¥–∫–∏ –¥–ª—è —Ç—Ä–µ–∫–∏–Ω–≥–∞, –∞—Å—Ñ–∞–ª—å—Ç–∞ –∏ —Å–Ω–µ–≥–∞

–ø–æ–¥—Ö–æ–¥—è—Ç –¥–ª—è —Ä–æ—Å—Ç–∞ –æ—Ç 156 –¥–æ 
190—Å–º

110 –ª–∞—Ä–∏","[{""Title"": ""\u0442\u0440\u0435\u043a\u0438\u043d\u0433\u043e\u0432\u044b\u0435 \u043f\u0430\u043b\u043a\u0438 campleader"", ""Price"": ""110"", ""Currency"": ""GEL"", ""Count"": ""1""}]",1
"–ø—Ä–æ–¥–∞—é macbook pro 15.6 –¥—é–π–º–æ–≤, 2017–≥–æ–¥ , 16–≥–± 512–≥–± ssd  —Å –¥–≤—É–º—è –≤–∏–¥–µ–æ –∫–∞—Ä—Ç–æ–∏,  2000 –ª–∞—Ä–∏","[{""Title"": ""MacBook Pro 15.6 \u0434\u044e\u0439\u043c\u043e\u0432, 2017 \u0433\u043e\u0434, 16\u0413\u0411 512\u0413\u0411 SSD \u0441 \u0434\u0432\u0443\u043c\u044f \u0432\u0438\u0434\u0435\u043e\u043a\u0430\u0440\u0442\u0430\u043c\u0438"", ""Price"": ""2000"", ""Currency"": ""GEL"", ""Count"": ""1""}]",1
"–¶–µ–Ω–∞ —à—Ç  100—Ä—É–±
–†–∞—Å–ø—Ä–æ–¥–∞–∂–∞
–†–∞–∑–º–µ—Ä:  25-26-27-28-29-30-31-32
–ë–µ–∑ –≤—ã–±–æ—Ä–∞ —Ü–≤–µ—Ç–∞
–õ–∏–Ω–∏—è 27 –ø–∞–≤–∏–ª—å–æ–Ω 09",[],0
"–≤ —Å–≤—è–∑–∏ —Å –æ—Ç—ä–µ–∑–¥–æ–º —Ä–∞—Å—Ç–µ–Ω–∏—è —Ö–æ–π—è –∫–∞—Å–∫–∞–¥ –¥–≤–∞ –±–æ–ª—å—à–∏—Ö —Ä–æ—Å—Ç–∫–∞ –∏ —Å—Ü–∏–Ω–¥–∞–ø—Å—É—Å –ø–∏–∫—Ç—É—Å. –≤ –≥–æ—Ä—à–∫–µ.
–≤—Å–µ –≤–º–µ—Å—Ç–µ –∑–∞ 10·Éö
—Å–µ–≥–æ–¥–Ω—è –ø–æ—Å–ª–µ 15.00 –¥–æ 18.00 —É —Å–ø–æ—Ä—Ç–∫–æ–º–ø–ª–µ–∫—Å–∞ black sea 2 (—Ç–µ–∞—Ç—Ä –∞—Ö–º–µ—Ç–µ–ª–∏)","[{""Title"": ""\u0440\u0430\u0441\u0442\u0435\u043d\u0438\u044f \u0445\u043e\u0439\u044f \u043a\u0430\u0441\u043a\u0430\u0434 \u0438 \u0441\u0446\u0438\u043d\u0434\u0430\u043f\u0441\u0443\u0441 \u043f\u0438\u043a\u0442\u0443\u0441"", ""Price"": ""10"", ""Currency"": ""\u10da"", ""Count"": ""1""}]",1
–Ω–æ–≤—ã–π holika –≥–µ–ª—å –∞–ª–æ—ç –Ω–∞–Ω–æ—Å–∏—Ç—Å—è –Ω–∞ —á–∏—Å—Ç—É—é —Å—É—Ö—É—é –∫–æ–∂—É –ª–∏—Ü–∞ –∏ —Ç–µ–ª–∞. —Å—Ä–æ–∫ –≥–æ–¥–Ω–æ—Å—Ç–∏ –∑–∞–∫–∞–Ω—á–∏–≤–∞–µ—Ç—Å—è 24.09.2023. 5 –ª–∞—Ä–∏ –∑–∞–±–∏—Ä–∞—Ç—å –≤–∞–∫–µ,"[{""Title"": ""\u0433\u0435\u043b\u044c \u0430\u043b\u043e\u044d Holika"", ""Price"": ""5"", ""Currency"": ""\u043b\u0430\u0440\u0438"", ""Count"": ""1""}]",1
"—Å—Ä–æ—á–Ω–æ –ø—Ä–æ–¥–∞—é ‚ùó‚ùó‚ùó
—Å—É–ø–µ—Ä –º—è–≥–∫–∏–µ –∏ —Å—Ç–∏–ª—å–Ω—ã–µ –∏–∫–µ–µ–≤—Å–∫–∏–µ —Å–∏–¥—É—à–∫–∏!

 ‚Ä¢69 –ª–∞—Ä–∏ - –≤—Å–µ 3 —à—Ç—É—á–∫–∏
‚Ä¢ 30 –ª–∞—Ä–∏ - –æ–¥–Ω–∞ —à—Ç—É–∫–∞
‚Ä¢ –∏–¥–µ–∞–ª—å–Ω–æ–µ —Å–æ—Å—Ç–æ—è–Ω–∏–µ; –æ–Ω–∏ –ø–æ—Å–ª–µ —Å—Ç–∏—Ä–∫–∏ –∏ –≤–∫—É—Å–Ω–µ–Ω—å–∫–æ –ø–∞—Ö–Ω—É—Ç —á–∏—Å—Ç–æ—Ç–æ–π ü•∞ü•∞
‚Ä¢–æ—á–µ–Ω—å —É–¥–æ–±–Ω–æ —Å–∏–¥–µ—Ç—å, –ø—Ä–æ—Å—Ç–æ –∫–∞–π—Ñ
‚Ä¢—á–µ—Ö–ª—ã —Å–Ω–∏–º–∞—é—Ç—Å—è, –≤—Å–µ –º–æ–∂–Ω–æ —Å—Ç–∏—Ä–∞—Ç—å –±–µ–∑ –ø—Ä–æ–±–ª–µ–º ü•Ç
‚Ä¢—á—É–¥–Ω—ã–π —Å–µ—Ä—ã–π —Ü–≤–µ—Ç –ø—Ä–µ–∫—Ä–∞—Å–Ω–æ –≤–ø–∏—à–µ—Ç—Å—è –≤ –∏–Ω—Ç–µ—Ä—å–µ—Ä!

‚Ä¢–º–µ—Ç—Ä–æ –≤–∞—Ä–∫–µ—Ç–∏–ª–∏/–ø–æ–¥–≤–µ–∑—É –∫ –ª—é–±–æ–º—É –¥—Ä—É–≥–æ–º—É –º–µ—Ç—Ä–æ!
‚Ä¢—Å–∞–º–æ–≤—ã–≤–æ–∑ –∏–∑ –Ω–æ–≤–æ–≥–æ –≥–æ—Ä–æ–¥–∞ —Ç–±–∏–ª–∏—Å—Å–∫–æ–≥–æ –º–æ—Ä—è!","[{""Title"": ""\u043c\u044f\u0433\u043a\u0438\u0435 \u0438\u043a\u0435\u0435\u0432\u0441\u043a\u0438\u0435 \u0441\u0438\u0434\u0443\u0448\u043a\u0438 \u0441\u0435\u0440\u043e\u0433\u043e \u0446\u0432\u0435\u0442\u0430"", ""Price"": ""69"", ""Currency"": ""GEL"", ""Count"": ""3""}, {""Title"": ""\u043c\u044f\u0433\u043a\u0430\u044f \u0438\u043a\u0435\u0435\u0432\u0441\u043a\u0430\u044f \u0441\u0438\u0434\u0443\u0448\u043a\u0430 \u0441\u0435\u0440\u043e\u0433\u043e \u0446\u0432\u0435\u0442\u0430"", ""Price"": ""30"", ""Currency"": ""GEL"", ""Count"": ""1""}]",2
"–ö–æ—Å—Ç—é–º—ã —Å –Ω–∞—á—ë—Å–æ–º –¥–ª—è –º–∞–ª—å—á–∏–∫–∞ –∏ –¥–µ–≤–æ—á–µ–∫ 
–¶–µ–Ω–∞ —à—Ç 900—Ä
–†–∞—Å–ø—Ä–æ–¥–∞–∂–∞ 
–¢–∫–∞–Ω—å; –î–≤—É—Ö–ù–∏—Ç–∫–∞ –Ω–∞ —Ñ–ª–∏—Å
–†–∞–∑–º–µ—Ä—ã: 116-122-128-134-140-146
–õ–∏–Ω–∏—è 26 –ø–∞–≤–∏–ª—å–æ–Ω 56
https://vk.com/club188310243","[{""Title"": ""\u041a\u043e\u0441\u0442\u044e\u043c \u0441 \u043d\u0430\u0447\u0451\u0441\u043e\u043c \u0434\u043b\u044f \u043c\u0430\u043b\u044c\u0447\u0438\u043a\u0430 \u0438 \u0434\u0435\u0432\u043e\u0447\u0435\u043a"", ""Price"": ""900"", ""Currency"": ""RUB"", ""Count"": ""1""}]",1
"—Å–µ—Ä–∏—è –∫–Ω–∏–≥ –æ –≥–∞—Ä—Ä–∏ –ø–æ—Ç–µ—Ä—Ä–µ, 7 –∫–Ω–∏–≥, —Å –ø—Ä–µ–∫—Ä–∞—Å–Ω—ã–º–∏ –∏–ª–ª—é—Å—Ç—Ä–∞—Ü–∏—è–º–∏, 150–µ, –ª–∏–º–∞—Å—Å–æ–ª","[{""Title"": ""\u0441\u0435\u0440\u0438\u044f \u043a\u043d\u0438\u0433 \u043e \u0433\u0430\u0440\u0440\u0438 \u043f\u043e\u0442\u0435\u0440\u0440\u0435 \u0441 \u0438\u043b\u043b\u044e\u0441\u0442\u0440\u0430\u0446\u0438\u044f\u043c\u0438"", ""Price"": ""150"", ""Currency"": ""EUR"", ""Count"": ""7""}]",1
"—Å—Ç–æ–ª —É–Ω–∏–≤–µ—Ä—Å–∞–ª—å–Ω—ã–π 60–Ω–∞60–Ω–∞75, –Ω–æ–≤—ã–π
—Ü–≤–µ—Ç –∫–∞–∫ –Ω–∞ –≤—Ç–æ—Ä–æ–º —Ñ–æ—Ç–æ

70 –ª–∞—Ä–∏
—Ç–æ—Ä–≥ —É–º–µ—Å—Ç–µ–Ω

—Ä–∞–π–æ–Ω –¥–∏–¥–∏ –¥–∏–≥–æ–º–∏
–º–æ–∂–µ–º –æ—Ç–ø—Ä–∞–≤–∏—Ç—å –ø–æ –≥–æ—Ä–æ–¥—É —è–Ω–¥–µ–∫—Å –¥–æ—Å—Ç–∞–≤–∫–æ–π","[{""Title"": ""\u0441\u0442\u043e\u043b \u0443\u043d\u0438\u0432\u0435\u0440\u0441\u0430\u043b\u044c\u043d\u044b\u0439 60\u043d\u043060\u043d\u043075, \u043d\u043e\u0432\u044b\u0439"", ""Price"": ""70"", ""Currency"": ""GEL"", ""Count"": ""1""}]",1
"davines - –º—É—Å—Å-–æ–±—ä–µ–º 
this is a volume boosting mousse

20 –ª–∞—Ä–∏
–≤–µ—Ä–∞","[{""Title"": ""davines \u043c\u0443\u0441\u0441-\u043e\u0431\u044a\u0435\u043c"", ""Price"": ""20"", ""Currency"": ""GEL"", ""Count"": ""1""}]",1
"–ø–∞–ª–µ—Ç–∫–∞ —Ç–µ–Ω–µ–π –æ—Ç –±—Ä–µ–Ω–¥–∞ sigil inspired by tammy tanuka (—Ç–∞–º–º–∏ —Ç–∞–Ω—É–∫–∞) –Ω–µ—É–∫—Ä–æ—Ç–∏–º—ã–π –ª–∞–≤–æ–≤—ã–π –≤–∞—Å–∏–ª–∏—Å–∫, –±–æ–ª—å—à–æ–π —Ñ–æ—Ä–º–∞—Ç, 26 –º–º. —Å–≤–æ—Ç—á–∏ + –¥–≤–∞ –º–∞–∫–∏—è–∂–∞.
–æ—Ç–¥–∞–º —É –º–µ—Ç—Ä–æ –¥–µ–ª–∏—Å–∏.
94 –ª–∞—Ä–∏ –∏–ª–∏ 3000 —Ä—É–± –Ω–∞ –∫–∞—Ä—Ç—É —Ç–∏–Ω—å–∫–æ—Ñ—Ñ","[{""Title"": ""\u043f\u0430\u043b\u0435\u0442\u043a\u0430 \u0442\u0435\u043d\u0435\u0439 Sigil Inspired by Tammy Tanuka, \u0431\u043e\u043b\u044c\u0448\u043e\u0439 \u0444\u043e\u0440\u043c\u0430\u0442 26 \u043c\u043c"", ""Price"": ""3000"", ""Currency"": ""RUB"", ""Count"": ""1""}]",1
"üëå–ù–æ–≤–∞—è –ø–æ—Å—Ç—É–ø–ª–µ–Ω–∏—è  ü•≥ü•≥ü•≥ 
     –¶–µ–Ω–∞ –ø–æ –Ω–∏–∂–µ 
 –ü—Ä–æ—Å—Ç—ã–Ω—è –Ω–∞ —Ä–µ–∑–∏–Ω–∫–µ
üí¢–¢–∫–∞–Ω—å- –¢—Ä–∏–∫–æ—Ç–∞–∂ 
üí¢–°–æ—Å—Ç–∞–≤-100% —Ö–ª–æ–ø–æ–∫ 
üí¢–í—ã—Å–æ—Ç–∞ –±–æ—Ä—Ç–∞ -20—Å–º
‚ú®‚ú®‚ú®‚ú®‚ú®‚ú®‚ú®‚ú®‚ú®‚ú®
‚ñ´Ô∏è–†–∞–∑–º–µ—Ä:üëá   —Ü–µ–Ω–∞ üëá
‚úÖ80–•200  —Å–º- 260    
‚úÖ90–•200  —Å–º - 270‚ÇΩüî•
‚úÖ120—Ö200—Å–º -  290‚ÇΩüî•
‚úÖ140—Ö200—Å–º -  310‚ÇΩüî•
‚úÖ160—Ö200—Å–º -  330‚ÇΩüî•
‚úÖ180—Ö200—Å–º -  350‚ÇΩüî•
‚úÖ200—Ö200—Å–º -  370‚ÇΩüî•
 ‚û°Ô∏è–£ –Ω–∞—Å –º–æ–∂–Ω–æ –±—Ä–æ–Ω—å üí´
–ü–æ–¥—Ä–æ–±–Ω–µ–µ –Ω–∞ https://vk.com/wall488363770_20840","[{""Title"": ""\u041f\u0440\u043e\u0441\u0442\u044b\u043d\u044f \u043d\u0430 \u0440\u0435\u0437\u0438\u043d\u043a\u0435 80\u0425200 \u0441\u043c"", ""Price"": ""260"", ""Currency"": ""RUB"", ""Count"": ""1""}, {""Title"": ""\u041f\u0440\u043e\u0441\u0442\u044b\u043d\u044f \u043d\u0430 \u0440\u0435\u0437\u0438\u043d\u043a\u0435 120\u0445200\u0441\u043c"", ""Price"": ""290"", ""Currency"": ""RUB"", ""Count"": ""1""}, {""Title"": ""\u041f\u0440\u043e\u0441\u0442\u044b\u043d\u044f \u043d\u0430 \u0440\u0435\u0437\u0438\u043d\u043a\u0435 200\u0445200\u0441\u043c"", ""Price"": ""370"", ""Currency"": ""RUB"", ""Count"": ""1""}, {""Title"": ""\u041f\u0440\u043e\u0441\u0442\u044b\u043d\u044f \u043d\u0430 \u0440\u0435\u0437\u0438\u043d\u043a\u0435 160\u0445200\u0441\u043c"", ""Price"": ""330"", ""Currency"": ""RUB"", ""Count"": ""1""}, {""Title"": ""\u041f\u0440\u043e\u0441\u0442\u044b\u043d\u044f \u043d\u0430 \u0440\u0435\u0437\u0438\u043d\u043a\u0435 140\u0445200\u0441\u043c"", ""Price"": ""310"", ""Currency"": ""RUB"", ""Count"": ""1""}, {""Title"": ""\u041f\u0440\u043e\u0441\u0442\u044b\u043d\u044f \u043d\u0430 \u0440\u0435\u0437\u0438\u043d\u043a\u0435 90\u0425200 \u0441\u043c"", ""Price"": ""270"", ""Currency"": ""RUB"", ""Count"": ""1""}, {""Title"": ""\u041f\u0440\u043e\u0441\u0442\u044b\u043d\u044f \u043d\u0430 \u0440\u0435\u0437\u0438\u043d\u043a\u0435 180\u0445200\u0441\u043c"", ""Price"": ""350"", ""Currency"": ""RUB"", ""Count"": ""1""}]",7
"–ù–æ—Å–∫–∏ Nike –±–µ–ª—ã–µ –≤—ã—Å–æ–∫–∏–µ. 10 –ø–∞—Ä. –û—Ç–¥–∞–º –≤—Å—ë —Å—Ä–∞–∑—É –∑–∞ 700 —Ä—É–±–ª–µ–π. –Ø—Ö—Ä–æ–º–∞.

#–ë–î_–æ–¥–µ–∂–¥–∞","[{""Title"": ""\u041d\u043e\u0441\u043a\u0438 Nike \u0431\u0435\u043b\u044b\u0435 \u0432\u044b\u0441\u043e\u043a\u0438\u0435"", ""Price"": ""700"", ""Currency"": ""RUB"", ""Count"": ""10 \u043f\u0430\u0440""}]",1
–ø—Ä–æ–¥–∞–µ—Ç—Å—è –æ—Ä–∏–≥–∏–Ω–∞–ª–Ω–∏–µ –∫–µ–¥–∏ –ø—É–º–∞ 42 —Ä–∞–∑–º–µ—Ä 200  –ª–∞—Ä–∏,"[{""Title"": ""\u043a\u0435\u0434\u0438 \u043f\u0443\u043c\u0430 42 \u0440\u0430\u0437\u043c\u0435\u0440"", ""Price"": ""200"", ""Currency"": ""GEL"", ""Count"": ""1""}]",1
"#–ë–ù–ò_–ü—Ä–æ–¥–∞–º–ù–æ–≤–∞—è_–¢–∞–º–±–æ–≤
#–ë–ù–ò_id99098904
#–ë–Ω–∏_–ü—Ä–æ–¥–∞–º_–ü–æ—á—Ç–∞
#–ë–Ω–∏_–ü—Ä–æ–¥–∞–º_–ê–≤–∏—Ç–æ

–í—Å–µ –∏–≥—Ä—ã –Ω–æ–≤—ã–µ, –≤ –∏–¥–µ–∞–ª—å–Ω–æ–º —Å–æ—Å—Ç–æ—è–Ω–∏–∏. –ü–æ –≤—Å–µ–º –≤–æ–ø—Ä–æ—Å–∞–º –æ–≥—Ä–æ–º–Ω–∞—è –ø—Ä–æ—Å—å–±–∞ –æ–±—Ä–∞—â–∞—Ç—å—Å—è –≤ —Å–æ–æ–±—â–µ–Ω–∏—è

1) –í—Å–µ –û—Å–æ–±–Ω—è–∫–∏ –±–µ–∑—É–º–∏—è - 16900 
2) –í–µ—Å—å –î—Ä–µ–≤–Ω–∏–π —É–∂–∞—Å - 20900","[{""Title"": ""\u0412\u0441\u0435 \u041e\u0441\u043e\u0431\u043d\u044f\u043a\u0438 \u0431\u0435\u0437\u0443\u043c\u0438\u044f"", ""Price"": ""16900"", ""Currency"": ""RUB"", ""Count"": ""1""}, {""Title"": ""\u0412\u0435\u0441\u044c \u0414\u0440\u0435\u0432\u043d\u0438\u0439 \u0443\u0436\u0430\u0441"", ""Price"": ""20900"", ""Currency"": ""RUB"", ""Count"": ""1""}]",2
"Apple Watch Ôøº7 45 –º–º , —Ä–æ—Å—Ç–µ—Å—Ç , –ø–æ–ª–Ω—ã–π –∫–æ–º–ø–ª–µ–∫—Ç , –≤ –∏–¥–µ–∞–ª–µ , —Å—Ç–æ–∏—Ç –∑–∞—â–∏—Ç–Ω–∞—è –ø–ª–µ–Ω–∫–∞ , —Ü–µ–Ω–∞ –≤–æ–ø—Ä–æ—Å–∞ 22000—Ä , –∞–∫—É–º 99, –Ω–µ –Ω–∞–¥–æ –ø–∏—Å–∞—Ç—å –ø—Ä–æ —Ü–µ–Ω—É , —Ü–µ–Ω–∞ –∞–¥–µ–∫–≤–∞—Ç .","[{""Title"": ""Apple Watch 7 45 \u043c\u043c, \u0440\u043e\u0441\u0442\u0435\u0441\u0442, \u043f\u043e\u043b\u043d\u044b\u0439 \u043a\u043e\u043c\u043f\u043b\u0435\u043a\u0442"", ""Price"": ""22000"", ""Currency"": ""RUB"", ""Count"": ""1""}]",1
"#–ë–ù–ò_–ü—Ä–æ–¥–∞–º–ë–£_–¢–æ–º—Å–∫
#–ë–ù–ò_–ü—Ä–æ–¥–∞–º–ù–æ–≤–æ–µ_–¢–æ–º—Å–∫ 
#–ë–ù–ò_–ê–≤–∏—Ç–æ 
#–ë–ù–ò_id167920185 
 
1. –¢—Ä–∞—è–Ω - 2300 —Ä—É–±–ª–µ–π 
–ë/–£. –ü—Ä–æ–±–µ–≥ 1 –ø–∞—Ä—Ç–∏—è, —Å–æ—Å—Ç–æ—è–Ω–∏–µ –∏–¥–µ–∞–ª—å–Ω–æ–µ, –∫–∞—Ä—Ç—ã –≤ –ø—Ä–æ—Ç–µ–∫—Ç–æ—Ä–∞—Ö, –ø–æ–ª–Ω—ã–π –∫–æ–º–ø–ª–µ–∫—Ç. 
 
2. –ú–∞–ª–µ–Ω—å–∫–∏–µ –∏–º–ø–µ—Ä–∏–∏. –°–∞–º—É—Ä–∞–∏ - 3400 —Ä—É–±–ª–µ–π
–ë–∞–∑–∞ + –¥–æ–ø–æ–ª–Ω–µ–Ω–∏–µ. –ù–æ–≤–æ–µ –≤ –ø–ª–µ–Ω–∫–µ.
 
3. –ö–æ—Ñ–µ - 680 —Ä—É–±–ª–µ–π 
–ë/–£, –∏–≥—Ä–∞–ª–∏ 2 —Ä–∞–∑–∞, –≤ –æ—Ç–ª–∏—á–Ω–æ–º —Å–æ—Å—Ç–æ—è–Ω–∏–∏. 
 
4. –ö–µ–ª—é—Å 1303 - 2050 —Ä—É–±–ª–µ–π 
–ü—Ä–æ–±–µ–≥ 1 –ø–∞—Ä—Ç–∏—è, —Å–æ—Å—Ç–æ—è–Ω–∏–µ –∏–¥–µ–∞–ª—å–Ω–æ–µ, –ø–æ–ª–Ω—ã–π –∫–æ–º–ø–ª–µ–∫—Ç. 
 
–í—Å–µ –≤–æ–ø—Ä–æ—Å—ã –≤ –ª–∏—á–∫—É. 
–î–æ–ø. —Ñ–æ—Ç–æ –ø–æ –∑–∞–ø—Ä–æ—Å—É. 
–ë–µ–∑ –æ–±–º–µ–Ω–∞. –õ–∏—á–Ω–æ –ª–∏–±–æ –ê–≤–∏—Ç–æ, –±–µ–∑ –¥–æ–ø–ª–∞—Ç.","[{""Title"": ""\u0422\u0440\u0430\u044f\u043d"", ""Price"": ""2300"", ""Currency"": ""RUB"", ""Count"": ""1""}, {""Title"": ""\u041a\u043e\u0444\u0435"", ""Price"": ""680"", ""Currency"": ""RUB"", ""Count"": ""1""}, {""Title"": ""\u041c\u0430\u043b\u0435\u043d\u044c\u043a\u0438\u0435 \u0438\u043c\u043f\u0435\u0440\u0438\u0438. \u0421\u0430\u043c\u0443\u0440\u0430\u0438"", ""Price"": ""3400"", ""Currency"": ""RUB"", ""Count"": ""1""}, {""Title"": ""\u041a\u0435\u043b\u044e\u0441 1303"", ""Price"": ""2050"", ""Currency"": ""RUB"", ""Count"": ""1""}]",4
"–ø—Ä–æ–¥–∞—é –∏—Ç–∞–ª—å—è–Ω—Å–∫–∏–π –∫–æ—Ñ–µ–π–Ω—ã–π —Å—Ç–æ–ª–∏–∫ –∑–∞–∫–∞–∑—ã–≤–∞–ª–∏ –∑–∞ 300 –µ–≤—Ä–æ
—Å–æ—Å—Ç–æ—è–Ω–∏–µ: –∞–±—Å–æ–ª—é—Ç–Ω–æ –Ω–æ–≤—ã–π
—Ä–∞–∑–º–µ—Ä—ã: 120x60xh45
—Ü–µ–Ω–∞: 150 –µ–≤—Ä–æ","[{""Title"": ""\u0438\u0442\u0430\u043b\u044c\u044f\u043d\u0441\u043a\u0438\u0439 \u043a\u043e\u0444\u0435\u0439\u043d\u044b\u0439 \u0441\u0442\u043e\u043b\u0438\u043a"", ""Price"": ""150"", ""Currency"": ""EUR"", ""Count"": ""1""}]",1
"–õ–∏—á–Ω–∞—è –≤—Å—Ç—Ä–µ—á–∞ –≤ –≥. –ö—Ä–∞—Å–Ω–æ–¥–∞—Ä 
–û—Ç–ø—Ä–∞–≤–∫–∞ –ê–≤–∏—Ç–æ-–¥–æ—Å—Ç–∞–≤–∫–æ–π, –°–î–≠–ö–æ–º, –ë–æ–∫—Å–±–µ—Ä—Ä–∏, –ü–æ—á—Ç–æ–π –†–æ—Å—Å–∏–∏ 
–î–æ–ø. —Ñ–æ—Ç–æ –∏ –ø–æ–¥—Ä–æ–±–Ω–æ—Å—Ç–∏ –≤ –ª—Å 
 
1) C—É–º–∫–∞ Vivienne Westwood —á–µ—Ä–Ω–∞—è 
15*29*6 (–°–ú) 
–¶–µ–Ω–∞ - 3190 
–°–æ—Å—Ç–æ—è–Ω–∏–µ - –Ω–æ–≤–∞—è 
 
2) C—É–º–∫–∞ Vivienne Westwood —Ä–∞–∑–Ω–æ—Ü–≤–µ—Ç–Ω–∞—è 
15*29*6 (–°–ú) 
–¶–µ–Ω–∞ - 3190 
–°–æ—Å—Ç–æ—è–Ω–∏–µ - –Ω–æ–≤–∞—è 
 
3) –ñ–µ–Ω—Å–∫–∞—è —Ç–æ–ª—Å—Ç–æ–≤–∫–∞-—Ö—É–¥–∏ Nike 
–†–∞–∑–º–µ—Ä L 
–ê—Ä—Ç–∏–∫—É–ª: CZ8896-010 
–¶–µ–Ω–∞ - 2390 
–°–æ—Å—Ç–æ—è–Ω–∏–µ - –Ω–æ–≤–∞—è 
 
4) –ú—É–∂—Å–∫–æ–π —Å–≤–∏—Ç—à–æ—Ç Nike (—Å –∑–∞–≤–æ–¥—Å–∫–∏–º –¥–µ—Ñ–µ–∫—Ç–æ–º) 
–†–∞–∑–º–µ—Ä - L 
–ê—Ä—Ç–∏–∫—É–ª: DO0013-010 
–¶–µ–Ω–∞ - 1290 
–°–æ—Å—Ç–æ—è–Ω–∏–µ - –Ω–æ–≤—ã–π, –Ω–æ —Å –Ω–µ–±–æ–ª—å—à–∏–º –¥–µ—Ñ–µ–∫—Ç–æ–º (–ø–æ–¥—Ä–æ–±–Ω–æ—Å—Ç–∏ –≤ –ª—Å) 
 
5) –°—É–º–∫–∞ —É–Ω–∏—Å–µ–∫—Å MLB Monogram —á–µ—Ä–Ω–∞—è 
13*19*7 (–°–ú) 
–¶–µ–Ω–∞ - 4290 
–°–æ—Å—Ç–æ—è–Ω–∏–µ - –Ω–æ–≤–∞—è 
 
6) –ñ–µ–Ω—Å–∫–∏–π –∫—Ä–æ–ø-—Ç–æ–ø —Å –¥–ª–∏–Ω–Ω—ã–º —Ä—É–∫–∞–≤–æ–º –∏ –æ—Ç–≤–µ—Ä—Å—Ç–∏–µ–º –¥–ª—è –±–æ–ª—å—à–æ–≥–æ –ø–∞–ª—å—Ü–∞ 
–†–∞–∑–º–µ—Ä - S 
–í—ã—Å–æ—Ç–∞ - 46 —Å–º; 
–®–∏—Ä–∏–Ω–∞ (–æ—Ç –ø–æ–¥–º—ã—à–∫–∏ –¥–æ –ø–æ–¥–º—ã—à–∫–∏) - 36 —Å–º; 
–î–ª–∏–Ω–∞ —Ä—É–∫–∞–≤–∞ - 53 —Å–º 
–¶–µ–Ω–∞ - 1790 
–°–æ—Å—Ç–æ—è–Ω–∏–µ - –Ω–æ–≤—ã–π 
 
7) –°—É–º–∫–∞ —É–Ω–∏—Å–µ–∫—Å MLB Monogram –±–µ–∂–µ–≤–∞—è 
13*19*7 (–°–ú) 
–¶–µ–Ω–∞ - 4290 
–°–æ—Å—Ç–æ—è–Ω–∏–µ - –Ω–æ–≤–∞—è 
 
8) –¢–æ–ª—Å—Ç–æ–≤–∫–∞-—Ö—É–¥–∏ Carhartt (—É–Ω–∏—Å–µ–∫—Å) 
–†–∞–∑–º–µ—Ä - L 
–¶–µ–Ω–∞ - 2890 
–°–æ—Å—Ç–æ—è–Ω–∏–µ - –Ω–æ–≤—ã–π 
 
9) –ñ–µ–Ω—Å–∫–∞—è —Å—É–º–∫–∞ y2k –≤ –≤–∏–Ω—Ç–∞–∂–Ω–æ–º —Å—Ç–∏–ª–µ 
13*20*7 (–°–ú) 
–¶–µ–Ω–∞ - 2190 
–°–æ—Å—Ç–æ—è–Ω–∏–µ - –Ω–æ–≤–∞—è 
 
10) –ñ–µ–Ω—Å–∫–∞—è —Å—É–º–∫–∞ MLB Monogram 
17*25*7 (–°–ú) 
–¶–µ–Ω–∞ - 2790 
–°–æ—Å—Ç–æ—è–Ω–∏–µ - –Ω–æ–≤–∞—è
#–±–∞—Ä–∞—Ö–æ–ª–∫–∞ #–±–∞—Ä–∞—Ö–æ–ª–∫–∞@networksales #–ø—Ä–æ–¥–∞–º #–æ–±—ä—è–≤–ª–µ–Ω–∏—è #—Ç–æ–≤–∞—Ä—ã","[{""Title"": ""\u0416\u0435\u043d\u0441\u043a\u0438\u0439 \u043a\u0440\u043e\u043f-\u0442\u043e\u043f \u0441 \u0434\u043b\u0438\u043d\u043d\u044b\u043c \u0440\u0443\u043a\u0430\u0432\u043e\u043c \u0438 \u043e\u0442\u0432\u0435\u0440\u0441\u0442\u0438\u0435\u043c \u0434\u043b\u044f \u0431\u043e\u043b\u044c\u0448\u043e\u0433\u043e \u043f\u0430\u043b\u044c\u0446\u0430, \u0440\u0430\u0437\u043c\u0435\u0440 S"", ""Price"": ""1790"", ""Currency"": ""RUB"", ""Count"": ""1""}, {""Title"": ""\u0421\u0443\u043c\u043a\u0430 \u0443\u043d\u0438\u0441\u0435\u043a\u0441 MLB Monogram \u0431\u0435\u0436\u0435\u0432\u0430\u044f"", ""Price"": ""4290"", ""Currency"": ""RUB"", ""Count"": ""1""}, {""Title"": ""\u0422\u043e\u043b\u0441\u0442\u043e\u0432\u043a\u0430-\u0445\u0443\u0434\u0438 Carhartt \u0443\u043d\u0438\u0441\u0435\u043a\u0441, \u0440\u0430\u0437\u043c\u0435\u0440 L"", ""Price"": ""2890"", ""Currency"": ""RUB"", ""Count"": ""1""}, {""Title"": ""\u041c\u0443\u0436\u0441\u043a\u043e\u0439 \u0441\u0432\u0438\u0442\u0448\u043e\u0442 Nike \u0441 \u0437\u0430\u0432\u043e\u0434\u0441\u043a\u0438\u043c \u0434\u0435\u0444\u0435\u043a\u0442\u043e\u043c, \u0440\u0430\u0437\u043c\u0435\u0440 L"", ""Price"": ""1290"", ""Currency"": ""RUB"", ""Count"": ""1""}, {""Title"": ""\u0416\u0435\u043d\u0441\u043a\u0430\u044f \u0441\u0443\u043c\u043a\u0430 y2k \u0432 \u0432\u0438\u043d\u0442\u0430\u0436\u043d\u043e\u043c \u0441\u0442\u0438\u043b\u0435"", ""Price"": ""2190"", ""Currency"": ""RUB"", ""Count"": ""1""}, {""Title"": ""\u0421\u0443\u043c\u043a\u0430 \u0443\u043d\u0438\u0441\u0435\u043a\u0441 MLB Monogram \u0447\u0435\u0440\u043d\u0430\u044f"", ""Price"": ""4290"", ""Currency"": ""RUB"", ""Count"": ""1""}, {""Title"": ""\u0421\u0443\u043c\u043a\u0430 Vivienne Westwood \u0440\u0430\u0437\u043d\u043e\u0446\u0432\u0435\u0442\u043d\u0430\u044f"", ""Price"": ""3190"", ""Currency"": ""RUB"", ""Count"": ""1""}, {""Title"": ""\u0416\u0435\u043d\u0441\u043a\u0430\u044f \u0442\u043e\u043b\u0441\u0442\u043e\u0432\u043a\u0430-\u0445\u0443\u0434\u0438 Nike, \u0440\u0430\u0437\u043c\u0435\u0440 L"", ""Price"": ""2390"", ""Currency"": ""RUB"", ""Count"": ""1""}, {""Title"": ""\u0421\u0443\u043c\u043a\u0430 Vivienne Westwood \u0447\u0435\u0440\u043d\u0430\u044f"", ""Price"": ""3190"", ""Currency"": ""RUB"", ""Count"": ""1""}, {""Title"": ""\u0416\u0435\u043d\u0441\u043a\u0430\u044f \u0441\u0443\u043c\u043a\u0430 MLB Monogram"", ""Price"": ""2790"", ""Currency"": ""RUB"", ""Count"": ""1""}]",10
–º–∞—Å–∫–∞ –¥–ª—è –∑–∞—â–∏—Ç—ã –≤–æ–ª–æ—Å –æ—Ç —Ö–ª–æ—Ä–∫–∏ –∏ –º–æ—Ä—Å–∫–æ–π —Å–æ–ª–∏. –Ω–æ–≤–∞—è. –ª–∏–º–∞—Å—Å–æ–ª.10 –µ–≤—Ä–æ –∫–∞–∂–¥–∞—è,"[{""Title"": ""\u043c\u0430\u0441\u043a\u0430 \u0434\u043b\u044f \u0437\u0430\u0449\u0438\u0442\u044b \u0432\u043e\u043b\u043e\u0441 \u043e\u0442 \u0445\u043b\u043e\u0440\u043a\u0438 \u0438 \u043c\u043e\u0440\u0441\u043a\u043e\u0439 \u0441\u043e\u043b\u0438"", ""Price"": ""10"", ""Currency"": ""EUR"", ""Count"": ""1""}]",1
"–ø—Ä–æ–¥–∞–º –≤ —Å–≤—è–∑–∏ —Å —É–µ–∑–¥–æ–º. —Å—Ä–æ—á–Ω–æ!

- –Ω–æ–≤—ã–π –∫–æ–∂–∞–Ω—ã–π —Ä–µ–º–µ–Ω—å, –Ω–∞—Ç—É—Ä–∞–ª—å–Ω–∞—è –∫–æ–∂–∞. –µ—Å—Ç—å –¥–æ–ø–æ–ª–Ω–∏—Ç–µ–ª—å–Ω—ã–µ –¥—ã—Ä–æ—á–∫–∏ –¥–ª—è —É–∑–∫–æ–π —Ç–∞–ª–∏–∏. –º–Ω–µ –Ω–µ –ø—Ä–∏–≥–æ–¥–∏–ª—Å—è, –Ω–µ –Ω–æ—Å–∏–ª–∞ –±—Ä—é–∫–∏.
15 –ª–∞—Ä–∏.

- –æ—á–∫–∏, –Ω–æ–≤—ã–µ. 15 –ª–∞—Ä–∏

- —Ç–µ–Ω–Ω–∏—Å–Ω–∞—è –∫–µ–ø–∫–∞ new era —Å asos. –Ω–∞–¥–µ–≤–∞–ª–∞—Å—å –ø–∞—Ä—É —Ä–∞–∑. 15 –ª–∞—Ä–∏ 

- –Ω–æ–≤—ã–π, –∑–∞–ø–∞–∫–æ–≤–∞–Ω–Ω—ã–π –ø–∏–ª–∏–Ω–≥ aha pha bha ""minimalist"". –ø–æ –æ—à–∏–±–∫–µ –∑–∞–∫–∞–∑–∞–ª–∞ –¥–≤–∞ –Ω–∞ –∞–º–∞–∑–æ–Ω–µ, –≤—Ç–æ—Ä—ã–º —Å–∞–º–∞ –ø–æ–ª—å–∑–æ–≤–∞–ª–∞—Å—å, —ç—Ç–æ—Ç –Ω–µ –æ—Ç–∫—Ä—ã–≤–∞–ª–∞. –º–æ–≥—É –ø—Ä–∏—Å–ª–∞—Ç—å –¥–æ–ø —Ñ–æ—Ç–æ –ø–æ –¥–µ–π—Å—Ç–≤–∏—é –∏ —Å—Ä–æ–∫–∏.","[{""Title"": ""\u0442\u0435\u043d\u043d\u0438\u0441\u043d\u0430\u044f \u043a\u0435\u043f\u043a\u0430 new era \u0441 asos"", ""Price"": ""15"", ""Currency"": ""GEL"", ""Count"": ""1""}, {""Title"": ""\u043f\u0438\u043b\u0438\u043d\u0433 aha pha bha minimalist, \u043d\u043e\u0432\u044b\u0439, \u0437\u0430\u043f\u0430\u043a\u043e\u0432\u0430\u043d\u043d\u044b\u0439"", ""Price"": ""15"", ""Currency"": ""GEL"", ""Count"": ""1""}, {""Title"": ""\u043a\u043e\u0436\u0430\u043d\u044b\u0439 \u0440\u0435\u043c\u0435\u043d\u044c, \u043d\u0430\u0442\u0443\u0440\u0430\u043b\u044c\u043d\u0430\u044f \u043a\u043e\u0436\u0430"", ""Price"": ""15"", ""Currency"": ""GEL"", ""Count"": ""1""}, {""Title"": ""\u043e\u0447\u043a\u0438, \u043d\u043e\u0432\u044b\u0435"", ""Price"": ""15"", ""Currency"": ""GEL"", ""Count"": ""1""}]",4
1000.–∞—Ä–æ–º–∞—Ç–Ω–∞—è —Å –æ–≥—Ä–æ–º–Ω—ã–º–∏ —Å–æ—Ü–≤–µ—Ç–∏—è–º–∏,[],0
"—Å—Ç—É–ª, –µ—Å—Ç—å 2 –≤ –Ω–∞–ª–∏—á–∏–∏. 10 ‚Ç¨ –∑–∞ –æ–±–∞ , –ª–∏–º–∞—Å—Å–æ–ª","[{""Title"": ""\u0441\u0442\u0443\u043b"", ""Price"": ""10"", ""Currency"": ""EUR"", ""Count"": ""2""}]",1
"–ü—Ä–æ–¥–∞—é —é–±–∫–∏.
1. –û–¢ 88—Å–º, –û–ë 104—Å–º. –î–ª–∏–Ω–∞ –≤—Å–µ–≥–æ –∏–∑–¥–µ–ª–∏—è 57—Å–º. –°–æ—Å—Ç–∞–≤: 30% —à–µ—Ä—Å—Ç—å, 65% –ø–æ–ª–∏—ç—Å—Ç–µ—Ä, 5% –ª–∞–π–∫—Ä–∞. –ú–æ–ª–Ω–∏—è-–∑–º–µ–π–∫–∞, —Ä–∞–±–æ—Ç–∞–µ—Ç —Ö–æ—Ä–æ—à–æ. –ü–æ–¥–∫–ª–∞–¥–∫–∞ –Ω–µ —Ä–≤–∞–Ω–∞—è, –Ω–æ—Å–∏–ª–∏ –∞–∫–∫—É—Ä–∞—Ç–Ω–æ. –°–∑–∞–¥–∏ –Ω–µ —Ä–∞–∑—Ä–µ–∑, –∞ —Å–±–æ—Ä–∫–∞. –ü–æ–¥–æ–π–¥—ë—Ç –¥–ª—è —à–∫–æ–ª—ã/–æ—Ñ–∏—Å–∞.  500‚ÇΩ
4. –†–∞–∑–º–µ—Ä 2XL. –¶–≤–µ—Ç: —Å–µ—Ä—ã–π. –û–¢ 96—Å–º, –û–ë 106—Å–º. –î–ª–∏–Ω–∞ –≤—Å–µ–≥–æ –∏–∑–¥–µ–ª–∏—è 60—Å–º. –°–æ—Å—Ç–∞–≤: 50% –ø–æ–ª–∏—ç—Å—Ç–µ—Ä, 50% –≤–∏—Å–∫–æ–∑–∞. –ú–æ–ª–Ω–∏—è-–∑–º–µ–π–∫–∞ —Ä–∞–±–æ—Ç–∞–µ—Ç —Ö–æ—Ä–æ—à–æ. –ü–æ–¥–∫–ª–∞–¥–∫–∞ –Ω–µ —Ä–≤–∞–Ω–∞—è, –Ω–æ—Å–∏–ª–∏ –∞–∫–∫—É—Ä–∞—Ç–Ω–æ. –†–∞–∑—Ä–µ–∑ —Å–ø–µ—Ä–µ–¥–∏, –∫–∞—Ä–º–∞–Ω—ã-–æ–±–º–∞–Ω–∫–∏. –ü–æ–¥–æ–π–¥—ë—Ç –¥–ª—è —à–∫–æ–ª—ã/–æ—Ñ–∏—Å–∞.  500‚ÇΩ
7. –î–∂–∏–Ω—Å–æ–≤–∞—è —é–±–∫–∞. –†–∞–∑–º–µ—Ä 46-48. –û–¢ 92—Å–º, –û–ë 96—Å–º, –¥–ª–∏–Ω–∞ —é–±–∫–∏ 50—Å–º.  500‚ÇΩ

#–æ–¥–µ–∂–¥–∞","[{""Title"": ""\u0428\u043a\u043e\u043b\u044c\u043d\u0430\u044f/\u043e\u0444\u0438\u0441\u043d\u0430\u044f \u044e\u0431\u043a\u0430, \u0441\u0435\u0440\u0430\u044f, \u043f\u043e\u043b\u0438\u044d\u0441\u0442\u0435\u0440 \u0438 \u0432\u0438\u0441\u043a\u043e\u0437\u0430"", ""Price"": ""500"", ""Currency"": ""RUB"", ""Count"": ""1""}, {""Title"": ""\u0414\u0436\u0438\u043d\u0441\u043e\u0432\u0430\u044f \u044e\u0431\u043a\u0430 \u0440\u0430\u0437\u043c\u0435\u0440 46-48"", ""Price"": ""500"", ""Currency"": ""RUB"", ""Count"": ""1""}]",2
"–†–∞—Å–ø—Ä–æ–¥–∞–∂–∞
–¶–µ–Ω–∞: 250—Ä 
–†–∞–∑–º–µ—Ä: 46/48 50 52 54 56
–ê—Ä—Ç: 2–î-94 –ö–æ—Ä–ø—É—Å –ë 
https://vk.com/idbismiloh",[],0
"–ü—Ä–æ–¥–∞–º –∫—É—à–µ—Ç–∫—É –¥–ª—è –Ω–∞—Ä–∞—â–∏–≤–∞–Ω–∏—è —Ä–µ—Å–Ω–∏—Ü;
–ú–æ–∂–Ω–æ –∏—Å–ø–æ–ª—å–∑–æ–≤–∞—Ç—å –∫–∞–∫ –º–∞—Å—Å–∞–∂–Ω—ã–π —Å—Ç–æ–ª.
–î–ª–∏–Ω–∞ 1,80—Å–º
–®–∏—Ä–∏–Ω–∞ 65—Å–º
–¶–µ–Ω–∞ 4000 —Ä.
–°–∞–º–æ–≤—ã–≤–æ–∑ –ø–æ—Å–ª–µ 17 –∞–ø—Ä–µ–ª—è

#–ë–î_–º–µ–±–µ–ª—å","[{""Title"": ""\u043a\u0443\u0448\u0435\u0442\u043a\u0430 \u0434\u043b\u044f \u043d\u0430\u0440\u0430\u0449\u0438\u0432\u0430\u043d\u0438\u044f \u0440\u0435\u0441\u043d\u0438\u0446 / \u043c\u0430\u0441\u0441\u0430\u0436\u043d\u044b\u0439 \u0441\u0442\u043e\u043b"", ""Price"": ""4000"", ""Currency"": ""RUB"", ""Count"": ""1""}]",1
"–ø—Ä–æ–¥–∞—é –±—Ä–∞—Å–ª–µ—Ç—ã, –Ω–æ–≤—ã–µ. 
80 –∏ 90 –ª–∞—Ä–∏",[],0
"–†–∞—Å–ø—Ä–æ–¥–∞–∂–∞
–¶–µ–Ω–∞: 150—Ä         
–†–∞–∑–º–µ—Ä 48-50-52-54-56 
–†–∞–∑–º–µ—Ä–Ω–æ—Å—Ç—å: –≤ —Ä–∞–∑–º–µ—Ä
–ë–µ–∑ –≤—ã–±–æ—Ä–∞
–ê—Ä—Ç: 28-57
https://vk.com/club202962361",[],0
"–û–±—É–≤–Ω–∏—Ü–∞ –≤—ã—Å–æ—Ç–∞ 180 —Å–º
60 —Å–º —à–∏—Ä–∏–Ω–∞
–ï—Å—Ç—å —Ü–∞—Ä–∞–ø–∏–Ω–∞ –Ω–∞ –ø–µ—Ä–≤–æ–π –ø–æ–ª–∫–µ
1500 —Ä
–°–∞–º–æ–≤—ã–≤–æ–∑ –º–µ—Ç—Ä–æ –Ω–æ–≤—ã–µ —á–µ—Ä–µ–º—É—à–∫–∏ –≥–æ—Ä–æ–¥ –ú–æ—Å–∫–≤–∞","[{""Title"": ""\u041e\u0431\u0443\u0432\u043d\u0438\u0446\u0430"", ""Price"": ""1500"", ""Currency"": ""RUB"", ""Count"": ""1""}]",1
"–†–∞—Å–ø—Ä–æ–¥–∞–∂–∞
–ü–∏–∂–∞–º–∞
–¶–µ–Ω–∞: 200—Ä—É–±.
–ê—Ä—Ç: 30-71
–†–∞–∑–º–µ—Ä—ã: 42,44,46,48
–ë–µ–∑ –≤—ã–±–æ—Ä–∞ —Ü–≤–µ—Ç–∞","[{""Title"": ""\u041f\u0438\u0436\u0430\u043c\u0430"", ""Price"": ""200"", ""Currency"": ""RUB"", ""Count"": ""1""}]",1
"–ü—Ä–æ–¥–∞—é , –∫–æ–Ω—å–∫–∏ . –í —Å–æ—Å—Ç–æ—è–Ω–∏–∏ –Ω–æ–≤—ã—Ö. –°–∏–Ω–∏–µ —Ä–∞–∑–º–µ—Ä 34-37 1000‚ÇΩ
–ö—Ä–∞—Å–Ω—ã–µ 27-30 500‚ÇΩ 
–û–±–∞ –∫–æ–º–ø–ª–µ–∫—Ç–∞  1300‚ÇΩ . –ü–∏—Å–∞—Ç—å –≤ –ª–∏—á–∫—É .","[{""Title"": ""\u041e\u0431\u0430 \u043a\u043e\u043c\u043f\u043b\u0435\u043a\u0442\u0430 \u043a\u043e\u043d\u044c\u043a\u043e\u0432"", ""Price"": ""1300"", ""Currency"": ""RUB"", ""Count"": ""2""}, {""Title"": ""\u041a\u043e\u043d\u044c\u043a\u0438 \u043a\u0440\u0430\u0441\u043d\u044b\u0435 \u0440\u0430\u0437\u043c\u0435\u0440 27-30"", ""Price"": ""500"", ""Currency"": ""RUB"", ""Count"": ""1""}, {""Title"": ""\u041a\u043e\u043d\u044c\u043a\u0438 \u0441\u0438\u043d\u0438\u0435 \u0440\u0430\u0437\u043c\u0435\u0440 34-37"", ""Price"": ""1000"", ""Currency"": ""RUB"", ""Count"": ""1""}]",3
"Google pixel 6 Pro 12/128 Gb
–û–°: Android 13

–î–∏–∞–≥–æ–Ω–∞–ª—å —ç–∫—Ä–∞–Ω–∞ (—Ç–æ—á–Ω–æ): 6.7 ""
–§–æ—Ä–º–∞—Ç —Ä–∞–∑—Ä–µ—à–µ–Ω–∏—è —ç–∫—Ä–∞–Ω–∞: 2K QHD;

–ß–∏–ø—Å–µ—Ç: Google Tensor;

–ü–∞–º—è—Ç—å: 12–ì–ë –æ–ø–µ—Ä–∞—Ç–∏–≤–Ω–æ–π, 128 –ì–ë –≤—Å—Ç—Ä–æ–µ–Ω–Ω–æ–π;

–ö–∞–º–µ—Ä–∞: –æ—Å–Ω–æ–≤–Ω–∞—è 50 –ú–ø (f/1.85), —à–∏—Ä–æ–∫–æ—É–≥–æ–ª—å–Ω–∞—è 12 –ú–ø (f/2.2), —Ñ—Ä–æ–Ω—Ç–∞–ª—å–Ω–∞—è 8 –ú–ø (f/2.0);

–°–≤—è–∑—å: USB Type-C, Bluetooth 5.2, NFC, LTE –∏ 5G;

–ê–∫–∫—É–º—É–ª—è—Ç–æ—Ä: 5005–º–ê¬∑—á, –±–µ—Å–ø—Ä–æ–≤–æ–¥–Ω–∞—è –∑–∞—Ä—è–¥–∫–∞ 21 –í—Ç, –ø—Ä–æ–≤–æ–¥–Ω–∞—è 30 –í—Ç;

–¶–µ–Ω–∞ 35999
–¶–≤–µ—Ç —á–µ—Ä–Ω—ã–π —à—Ç–æ—Ä–º","[{""Title"": ""Google pixel 6 Pro 12/128 Gb"", ""Price"": ""35999"", ""Currency"": ""RUB"", ""Count"": ""1""}]",1
"–ö—Å–∏–µ–º–∏ —Ä–µ–¥–º–∏ 9–ø—Ä–æ —Å–æ—Å—Ç–æ—è–Ω–∏–µ –æ—Ç–ª–∏—á–Ω–æ–µ! –ü–æ–ª–Ω—ã–π –∫–æ–º–ø–ª–µ–∫—Ç, –¥–æ–∫—É–º–µ–Ω—Ç—ã —á–µ–∫–∏, –∑–∞—Ä—è–¥–∫–∞, –Ω–∞—É—à–Ω–∏–∫–∏! 10.000","[{""Title"": ""\u0421\u043c\u0430\u0440\u0442\u0444\u043e\u043d Xiaomi Redmi 9 Pro"", ""Price"": ""10000"", ""Currency"": ""RUB"", ""Count"": ""1""}]",1
"–ø—Ä–æ–¥–∞–º 10 —Ç–∞–∫–∏—Ö –≥–æ—Ä—à–∫–æ–≤ –∑–∞ 50 –ª–∞—Ä–∏,–º–æ–∂–Ω–æ –∏—Å–ø–æ–ª—å–∑–æ–≤–∞—Ç—å –∫–∞–∫ –∫–∞—à–ø–æ –ø–æ–¥ —Ü–≤–µ—Ç—ã (–Ω–µ–æ–±—Ö–æ–¥–∏–º–æ –ø–æ–∫—Ä—ã—Ç—å –ª–∞–∫–æ–º),–≤ —Å–≤—è–∑–∏ —Å –ø–µ—Ä–µ–µ–∑–¥–æ–º –Ω–µ–æ–±—Ö–æ–¥–∏–º–æ —Å—Ä–æ—á–Ω–æ —Ä–∞–∑–¥–∞—Ç—å)–≤—ã–ø–æ–ª–Ω–µ–Ω—ã –∏–∑ –≥–∏–ø—Å–∞","[{""Title"": ""\u0433\u0438\u043f\u0441\u043e\u0432\u044b\u0435 \u0433\u043e\u0440\u0448\u043a\u0438 \u043f\u043e\u0434 \u0446\u0432\u0435\u0442\u044b"", ""Price"": ""50"", ""Currency"": ""GEL"", ""Count"": ""10""}]",1
"—Å–∞–º–æ–∫–∞—Ç. –¥–ª—è –≤–∑—Ä–æ—Å–ª–æ–≥–æ –∏ —Ä–µ–±—ë–Ω–∫–∞, –Ω–∞ —Ä–æ—Å—Ç –æ—Ç 130 –¥–æ 190, –ø—Ä–∏ –µ–∑–¥–µ –Ω–∏—á–µ–≥–æ –Ω–µ –±–æ–ª—Ç–∞–µ—Ç—Å—è, –≤—Å–µ –º–µ—Ö–∞–Ω–∏–∑–º—ã —Ü–µ–ª—ã, –±—ã–ª –≤ —ç–∫—Å–ø–ª—É–∞—Ç–∞—Ü–∏–∏ 4 –º–µ—Å. –Ω–∞–≥—Ä—É–∑–∫–∞ –ø–æ –≤–µ—Å—É –¥–æ 100 –∫–≥. –ª–∏–º–∞—Å—Å–æ–ª 65 –µ–≤—Ä–æ.","[{""Title"": ""\u0441\u0430\u043c\u043e\u043a\u0430\u0442 \u0434\u043b\u044f \u0432\u0437\u0440\u043e\u0441\u043b\u043e\u0433\u043e \u0438 \u0440\u0435\u0431\u0451\u043d\u043a\u0430"", ""Price"": ""65"", ""Currency"": ""EUR"", ""Count"": ""1""}]",1
"—Å–∞–º—Å—É–Ω–≥ s10+ –ø—Ä–æ–¥–∞–º, 128 –≥–±, –ø–µ—Ä–ª–∞–º—É—Ç—Ä, –≤ –∏–¥–µ–∞–ª—å–Ω–æ–º —Å–æ—Å—Ç–æ—è–Ω–∏–∏, 4 –º–µ—Å –≤ –∏—Å–ø–æ–ª—å–∑–æ–≤–∞–Ω–∏–∏, –∞–±—Å–æ–ª—é—Ç–Ω–æ –Ω–æ–≤—ã–π –¥–µ—Ä–∂–∞—Ç–µ–ª—å –≤ –º–∞—à–∏–Ω—É + —Å–ø–µ—Ü. —á–µ—Ö–æ–ª –¥–ª—è –∞–≤—Ç–æ , usb –ø–µ—Ä–µ—Ö–æ–¥–Ω–∏–∫, –∫–æ—Ä–æ–±–∫–∞, 650–µ–≤—Ä–æ","[{""Title"": ""Samsung S10+ 128GB \u0441 \u0430\u043a\u0441\u0435\u0441\u0441\u0443\u0430\u0440\u0430\u043c\u0438"", ""Price"": ""650"", ""Currency"": ""EUR"", ""Count"": ""1""}]",1
"–†–∞—Å–ø—Ä–æ–¥–∞–∂–∞ 
–ù–∞–±–æ—Ä 3 –≤ 1 —Ç—É—à—å+ –ø–æ–¥–≤–æ–¥–∫–∞ +–ø—É–¥—Ä–∞ 
–¶–µ–Ω–∞: 150—Ä –∑–∞ –Ω–∞–±–æ—Ä 
–ê—Ä—Ç: 2-1-16 –∫–æ—Ä–ø—É—Å –ê","[{""Title"": ""\u041d\u0430\u0431\u043e\u0440 3 \u0432 1: \u0442\u0443\u0448\u044c, \u043f\u043e\u0434\u0432\u043e\u0434\u043a\u0430, \u043f\u0443\u0434\u0440\u0430"", ""Price"": ""150"", ""Currency"": ""RUB"", ""Count"": ""1""}]",1
"#–ë–ù–ò_–ü—Ä–æ–¥–∞–º–ù–æ–≤–∞—è_–ú–æ—Å–∫–≤–∞
#–ë–ù–ò_–ü–æ—á—Ç–∞
#–ë–ù–ò_ZiGfrid

Star Wars: Destiny. –ù–∞–±–æ—Ä –¥–∏—Å–ø–ª–µ–µ–≤ ""–ü—É—Ç—å –°–∏–ª—ã"" - 3500 —Ä—É–±.
–ù–æ–≤–æ–µ, –Ω–µ –≤—Å–∫—Ä—ã—Ç–æ.
–ö—É–ø–∏–ª–∏ –¥–≤–∞ –∫–æ–º–ø–ª–µ–∫—Ç–∞, —É –•–æ–±–±–∏ –ì.
–í—Å–∫—Ä—ã–ª–∏ –æ–¥–∏–Ω, –∏ —Å–æ–±—Ä–∞–ª–∏ 140 –∫–∞—Ä—Ç –∏–∑ 160, –≤—Å–∫—Ä—ã–≤–∞—Ç—å –≤—Ç–æ—Ä–æ–π –∫–æ–º–ø–ª–µ–∫—Ç, –Ω–µ –≤–∏–¥–∏–º –Ω–µ–æ–±—Ö–æ–¥–∏–º–æ—Å—Ç–∏, –ø–æ —Ç–µ–æ—Ä–∏–∏ –≤–µ—Ä–æ—è—Ç–Ω–æ—Å—Ç–∏, –±—É–¥–µ—Ç –º–Ω–æ–≥–æ –ø–æ–≤—Ç–æ—Ä–æ–≤.
–ë—Ä–∞–ª–∏ –∑–∞ 7000, –ø—Ä–æ–¥–∞–µ–º, —Ä–æ–≤–Ω–æ, –∑–∞ –ø–æ–ª —Ü–µ–Ω—ã)

–ü—Ä–æ—à—É –ø–∏—Å–∞—Ç—å –≤ –õ–∏—á–Ω—ã–µ —Å–æ–æ–±—â–µ–Ω–∏—è. (–ø—Ä–æ—Å–º–∞—Ç—Ä–∏–≤–∞–µ–º –Ω–µ—Å–∫–æ–ª—å–∫–æ —Ä–∞–∑ –≤ –¥–µ–Ω—å, –æ—Ç–≤–µ—á–∞–µ–º –ø–æ –æ—á–µ—Ä–µ–¥–∏, –ø–æ –≤—Ä–µ–º–µ–Ω–∏ –ø–æ—Å—Ç—É–ø–ª–µ–Ω–∏—è —Å–æ–æ–±—â–µ–Ω–∏–π)
–ü–æ –∑–∞–ø—Ä–æ—Å—É, –¥–æ–ø–æ–ª–Ω–∏—Ç–µ–ª—å–Ω—ã–µ —Ñ–æ—Ç–æ, –æ—Ç–≤–µ—Ç—ã –Ω–∞ –≤–æ–ø—Ä–æ—Å—ã.
–ü—Ä–∏–æ—Ä–∏—Ç–µ—Ç –õ–∏—á–Ω–∞—è –≤—Å—Ç—Ä–µ—á–∞, –ú–æ—Å–∫–≤–∞.
–ü–æ—á—Ç–∞ –∑–∞ —Å—á–µ—Ç –ø–æ–∫—É–ø–∞—Ç–µ–ª—è.","[{""Title"": ""Star Wars: Destiny, \u041d\u0430\u0431\u043e\u0440 \u0434\u0438\u0441\u043f\u043b\u0435\u0435\u0432 '\u041f\u0443\u0442\u044c \u0421\u0438\u043b\u044b'"", ""Price"": ""3500"", ""Currency"": ""RUB"", ""Count"": ""1""}]",1
