,Text,Id
0,"–¥–µ—Ä–µ–≤—è–Ω–Ω–∞—è —Å—Ç–∞—Ç—É—ç—Ç–∫–∞ 4000 —Ä—É–±–ª–µ–π
–∏–≥—Ä–∞ 400 —Ä—É–±–ª–µ–π 
–∫–µ–¥—ã 36 —Ä–∞–∑–º–µ—Ä–∞ 1500 —Ä—É–±–ª–µ–π","{'platform': 'telegram', 'wall_id': 1525972822, 'post_id': 7467}"
1,"–∞–≤—Ç–æ–∫—Ä–µ—Å–ª–æ britax romer –æ—Ç 6 –º–µ—Å—è—Ü–µ–≤ –¥–æ 9 –ª–µ—Ç  -10.000

isofix, —Å–ø–∏–Ω–∫–∞ –Ω–∞–∫–æ–ª–Ω—è–µ—Ç—Å—è , —Ä–µ–º–Ω–∏ –≤—Å–µ —Å–æ—Ö—Ä–∞–Ω–∏–ª–∏—Å—å. –ø–æ—Å—Ç–∏—Ä–∞–Ω —á–µ—Ö–æ–ª. (–ø–æ–∫—É–ø–∞–ª–∏ –∑–∞ 35.000, –≤—Å–µ —Å—É–ø–µ—Ä, –ø–æ—Å–ª–µ 1–≥–æ —Ä–µ–±–µ–Ω–∫–∞) 

—Å–∞–º–æ–≤—ã–≤–æ–∑ –ø—Ä–∏–≤–æ–ª—å–Ω–∞—è","{'platform': 'telegram', 'wall_id': 1525972822, 'post_id': 7464}"
2,"–ø–µ—Ä—á–∞—Ç–∫–∏ christian dior –∫–æ–∂–∞–Ω—ã–µ 8500
(–Ω–∞ –æ–¥–Ω–æ–π –ø–µ—Ä—á–∞—Ç–∫–µ –∑–∞—Ü–µ–ø–∫–∞, –Ω–æ—Å–∫–µ –Ω–µ –º–µ—à–∞–µ—Ç) 

–ø—Ä–∏–≤–æ–ª—å–Ω–∞—è","{'platform': 'telegram', 'wall_id': 1525972822, 'post_id': 7460}"
3,"—Å–µ—Ä–≤–∏–∑ —á–∞–π–Ω–∞—è —Ä–æ–∑–∞ –≥–¥—Ä -5500, 
–∫–æ—Ñ–µ–π–Ω—ã–π —Å–µ—Ä–≤–∏–∑ 1800 –≥–¥—Ä 

—Å–∞–º–æ–≤—ã–≤–æ–∑ –ø—Ä–∏–≤–æ–ª—å–Ω–∞—è.","{'platform': 'telegram', 'wall_id': 1525972822, 'post_id': 7455}"
4,"—Å—É–º–∫–∞ moschino –≤–∏–Ω—Ç–∞–∂ -20.000 

–∑–∞–±–∏—Ä–∞—Ç—å –Ω–∞ –ø—Ä–∏–≤–æ–ª—å–Ω–æ–π","{'platform': 'telegram', 'wall_id': 1525972822, 'post_id': 7454}"
5,"–ø—Ä–æ–¥–∞–º —Ç–µ–ª–µ–≤–∏–∑–æ—Ä mystery, –º–æ–¥–µ–ª—å mtv-1922lw. –∂–∫, 720p hd, –¥–∏–∞–≥–æ–Ω–∞–ª—å 19"" (48 —Å–º), hdmi, usb, —Ç–∏–ø –ø–æ–¥—Å–≤–µ—Ç–∫–∏ edge led, –µ—Å—Ç—å –Ω–µ –∑–Ω–∞—á–∏—Ç–µ–ª—å–Ω—ã–π –¥–µ—Ñ–µ–∫—Ç –≤ –ø—Ä–∞–≤–æ–º –Ω–∏–∂–Ω–µ–º —É–≥–ª—É –≤ –≤–∏–¥–µ —Ç–µ–º–Ω–æ–≥–æ –ø—è—Ç–Ω–∞, 1000‚ÇΩ","{'platform': 'telegram', 'wall_id': 1525972822, 'post_id': 7453}"
6,"—à–∞–ø–∫–∞-—à–ª–µ–º –º—É–∂—Å–∫–∞—è finn flare.
–º–∞—Ç–µ—Ä–∏–∞–ª: –Ω–∞—Ç—É—Ä–∞–ª—å–Ω–∞—è –æ–≤—á–∏–Ω–∞. 
–æ—Ç–¥–µ–ª–∫–∞: –∏—Å–∫—É—Å—Å—Ç–≤–µ–Ω–Ω–∞—è –∫–æ–∂–∞.
–ø—Ä–æ–∏–∑–≤–æ–¥—Å—Ç–≤–æ: —Ñ–∏–Ω–ª—è–Ω–¥–∏—è.
—Ä–∞–∑–º–µ—Ä –ø–æ —è—Ä–ª—ã–∫—É: 58 (xxl).
–≤ –æ—Ç–ª–∏—á–Ω–æ–º —Å–æ—Å—Ç–æ—è–Ω–∏–∏.
—Ü–µ–Ω–∞ 5000 —Ä—É–±.","{'platform': 'telegram', 'wall_id': 1525972822, 'post_id': 7447}"
7,"–ø–∞—Ä—Ñ—é–º –º—É–∂—Å–∫–æ–π parfums genty.
–ø—Ä–æ–∏–∑–≤–æ–¥—Å—Ç–≤–æ: —Ä–æ—Å—Å–∏—è.
men's fashion black label
100 ml
—Ñ–ª–∞–∫–æ–Ω –Ω–æ–≤—ã–π, –∑–∞–ø–µ—á–∞—Ç–∞–Ω–Ω—ã–π.
–≤ —Ç–æ—Ä–≥–æ–≤–æ–π –ø—Ä–æ–¥–∞–∂–µ –æ—Ç—Å—É—Ç—Å—Ç–≤—É—é—Ç, —Ç–∞–∫ –∫–∞–∫ —Å–Ω—è—Ç—ã —Å –ø—Ä–æ–∏–∑–≤–æ–¥—Å—Ç–≤–∞.
—Ü–µ–Ω–∞ 1000 —Ä—É–±.","{'platform': 'telegram', 'wall_id': 1525972822, 'post_id': 7443}"
8,"1. ¬´–∏—Å–∫—É—Å—Å—Ç–≤–æ –¥—Ä–µ–≤–Ω–µ–≥–æ –º–∏—Ä–∞¬ª. –¥–º–∏—Ç—Ä–∏–µ–≤–∞ –Ω.–∞., –≤–∏–Ω–æ–≥—Ä–∞–¥–æ–≤–∞ –Ω.–∞.
–∏–∑–¥–∞–Ω–∏–µ 2-–æ–µ. 
–¥–µ—Ç—Å–∫–∞—è –ª–∏—Ç–µ—Ä–∞—Ç—É—Ä–∞, –º–æ—Å–∫–≤–∞, 1989.
–æ—á–µ—Ä–∫–∏ –æ –ø–µ—Ä–≤–æ–±—ã—Ç–Ω–æ–º –∏—Å–∫—É—Å—Å—Ç–≤–µ, –∏—Å–∫—É—Å—Å—Ç–≤–µ –¥—Ä–µ–≤–Ω–µ–≥–æ –µ–≥–∏–ø—Ç–∞, –ø–µ—Ä–µ–¥–Ω–µ–π –∞–∑–∏–∏, –¥—Ä–µ–≤–Ω–µ–π –∏–Ω–¥–∏–∏ –∏ –¥—Ä–µ–≤–Ω–µ–≥–æ –∫–∏—Ç–∞—è. 
—Ü–µ–Ω–∞ 1000 —Ä—É–±.
2. ¬´–∏—Å—Ç–æ—Ä–∏—è –ø–µ—Ç—Ä–∞ –≤–µ–ª–∏–∫–æ–≥–æ¬ª –∞.—Å.—á–∏—Å—Ç—è–∫–æ–≤. 
—Ä–µ–ø—Ä–∏–Ω—Ç–Ω–æ–µ –∏–∑–¥–∞–Ω–∏–µ. 
–º–æ—Å–∫–≤–∞, 1989. 
—è–∑—ã–∫ –∏–∑–¥–∞–Ω–∏—è: —Å—Ç–∞—Ä–æ—Ä—É—Å—Å–∫–∏–π. —Ü–µ–Ω–∞ 1500 —Ä—É–±.
3. ¬´–ª–æ—Å–æ—Å–∏, –±–æ–±—Ä—ã, –∫–∞–ª–∞–Ω—ã¬ª –∂–∞–∫-–∏–≤ –∫—É—Å—Ç–æ –∏ –∏–≤ –ø–∞–∫–∫–∞–ª–µ. 
–≥–∏–¥—Ä–æ–º–µ—Ç–µ–æ–∏–∑–¥–∞—Ç, –ª–µ–Ω–∏–Ω–≥—Ä–∞–¥, 1983. 
–Ω–∞–ø–µ—á–∞—Ç–∞–Ω–∞ –≤ –ø—Ä–∞–≥–µ.
—Ü–µ–Ω–∞ 1500 —Ä—É–±.","{'platform': 'telegram', 'wall_id': 1525972822, 'post_id': 7437}"
9,"¬´–ª–æ—Å–æ—Å–∏, –±–æ–±—Ä—ã, –∫–∞–ª–∞–Ω—ã¬ª.
–∫–Ω–∏–≥–∞ –∂–∞–∫–∞-–∏–≤–∞ –∫—É—Å—Ç–æ –∏ –∏–≤–∞ –ø–∞–∫–∫–∞–ª–µ. 
¬´–ª–æ—Å–æ—Å–∏, –±–æ–±—Ä—ã, –∫–∞–ª–∞–Ω—ã¬ª. 
–∏–∑–¥–∞—Ç–µ–ª—å—Å—Ç–≤–æ: –≥–∏–¥—Ä–æ–º–µ—Ç–µ–æ–∏–∑–¥–∞—Ç, –ª–µ–Ω–∏–Ω–≥—Ä–∞–¥, 1983. 
—Ç–≤–µ—Ä–¥—ã–π –ø–µ—Ä–µ–ø–ª–µ—Ç, —É–≤–µ–ª–∏—á–µ–Ω–Ω—ã–π —Ñ–æ—Ä–º–∞—Ç, –º–µ–ª–æ–≤–∞–Ω–Ω–∞—è –±—É–º–∞–≥–∞, 285 —Å—Ç—Ä.
–Ω–∞–ø–µ—á–∞—Ç–∞–Ω–∞ –≤ –ø—Ä–∞–≥–µ.
–±—É–∫–∏–Ω–∏—Å—Ç–∏—á–µ—Å–∫–æ–µ –∏–∑–¥–∞–Ω–∏–µ.
–≤ –æ—Ç–ª–∏—á–Ω–æ–º —Å–æ—Å—Ç–æ—è–Ω–∏–∏.
—Ü–µ–Ω–∞ 1500 —Ä—É–±.","{'platform': 'telegram', 'wall_id': 1525972822, 'post_id': 7430}"
10,"–ø–µ—Ä—á–∞—Ç–∫–∏ –∂–µ–Ω—Å–∫–∏–µ —Ç—Ä–∏–∫–æ—Ç–∞–∂–Ω—ã–µ –Ω–æ–≤—ã–µ.
–ø—Ä–æ–∏–∑–≤–æ–¥—Å—Ç–≤–æ: —Ä–æ—Å—Å–∏—è.
–º–∞—Ç–µ—Ä–∏–∞–ª: —Ç—Ä–∏–∫–æ—Ç–∞–∂ —Å –Ω–∞—á—ë—Å–æ–º –≤–Ω—É—Ç—Ä–∏.
—Å–æ—Å—Ç–∞–≤: 70% —Ö–ª–æ–ø–æ–∫, 30% –∞–∫—Ä–∏–ª.
–æ—Ç–¥–µ–ª–∫–∞ –±–∏—Å–µ—Ä–æ–º, –∑–∞—â–∏–ø–∞–º–∏.
—Ü–≤–µ—Ç: —á–µ—Ä–Ω—ã–π.
—Ä–∞–∑–º–µ—Ä: 8,5.
–Ω–æ–≤—ã–µ, —Å –±–∏—Ä–∫–∞–º–∏.
–≤ –æ—Ç–ª–∏—á–Ω–æ–º —Å–æ—Å—Ç–æ—è–Ω–∏–∏.
—Ü–µ–Ω–∞ 500 —Ä—É–±.","{'platform': 'telegram', 'wall_id': 1525972822, 'post_id': 7428}"
11,"–∏–≥—Ä—É—à–∫–∏ —Ä—É—á–Ω–æ–π —Ä–∞–±–æ—Ç—ã , –Ω–æ–≤—ã–µ 
2–≤1 –ø–∏–∂–∞–º–Ω–∏—Ü–∞ –º–∏—à–∫–∞ 1490
–ø—á–µ–ª–∫–∞ 1990
–±–∞–ª–∞–∫–ª–∞–≤—ã 1299
–≥–Ω–æ–º—ã 1799","{'platform': 'telegram', 'wall_id': 1525972822, 'post_id': 7427}"
12,"–∞–≤—Ç–æ–º–æ–±–∏–ª—å–Ω—ã–π –¥–µ—Ä–∂–∞—Ç–µ–ª—å deppa crab mini –¥–ª—è —Å–º–∞—Ä—Ç—Ñ–æ–Ω–æ–≤ 3.5""-5.7"", –Ω–∞ —Å—Ç–µ–∫–ª–æ –∏–ª–∏ –ø—Ä–∏–±–æ—Ä–Ω—É—é –ø–∞–Ω–µ–ª—å, –¥–ª—è —Å–º–∞—Ä—Ç—Ñ–æ–Ω–æ–≤ —Å –¥–∏–∞–≥–æ–Ω–∞–ª—å—é —ç–∫—Ä–∞–Ω–∞ –æ—Ç 3.5 –¥–æ 5.7 –¥—é–π–º–æ–≤ (—à–∏—Ä–∏–Ω–∞ –∫–æ—Ä–ø—É—Å–∞ –¥–æ 8 —Å–º)
—Ä–∞–∑–¥–≤–∏–∂–Ω–∞—è —á–∞—Å—Ç—å –¥–µ—Ä–∂–∞—Ç–µ–ª—è –æ—Ç 5 —Å–º –¥–æ 8 —Å–º
–ø—Ä–∏—Å–æ—Å–∫–∞ √∏5,8 —Å–º
–≤–æ–∑–º–æ–∂–Ω–æ—Å—Ç—å –ø–æ–≤–æ—Ä–æ—Ç–∞ –≤–∞—à–µ–≥–æ —É—Å—Ç—Ä–æ–π—Å—Ç–≤–∞ –Ω–∞ 360¬∞, 300‚ÇΩ","{'platform': 'telegram', 'wall_id': 1525972822, 'post_id': 7418}"
13,"–≥–ª–∞–¥–∏–ª—å–Ω–∞—è –¥–æ—Å–∫–∞ —Å euro –ø–æ–¥—Å—Ç–∞–≤–∫–æ–π –ø–æ–¥ —É—Ç—é–≥ –∏ —Å—ä–µ–º–Ω—ã–º –ø–æ–¥—Ä—É–∫–∞–≤–Ω–∏–∫–æ–º, –≤—Å—Ç—Ä–æ–µ–Ω–Ω–æ–π —Ä–æ–∑–µ—Ç–∫–æ–π –∏ —ç–ª–µ–∫—Ç—Ä–æ—Å–æ–µ–¥–∏–Ω–∏—Ç–µ–ª–µ–º 2,15–º, –¥–≤–∞ –ø–æ–ª–æ–∂–µ–Ω–∏—è –≤—ã—Å–æ—Ç—ã 70/85—Å–º, –ø–æ–≤–µ—Ä—Ö–Ω–æ—Å—Ç—å 1225—Ö345–º–º, 1000‚ÇΩ","{'platform': 'telegram', 'wall_id': 1525972822, 'post_id': 7416}"
14,"—Ä–æ—É—Ç–µ—Ä tp-link n300, 500‚ÇΩ","{'platform': 'telegram', 'wall_id': 1525972822, 'post_id': 7415}"
15,"–ø—Ä–æ–¥–∞–º —Ç–µ–ª–µ–≤–∏–∑–æ—Ä supra, –º–æ–¥–µ–ª—å: stv-lc2222wd, –∂–∫, 1080p full hd, –¥–∏–∞–≥–æ–Ω–∞–ª—å 22"" (55 —Å–º), hdmi, usb, 3000‚ÇΩ","{'platform': 'telegram', 'wall_id': 1525972822, 'post_id': 7414}"
16,"–ø—Ä–æ–¥–∞—é –Ω–æ–≤–æ–≥–æ–¥–Ω–∏–π –≤–µ–Ω–æ–∫, 35 —Å–º, –ø–æ–ª–Ω–æ—Å—Ç—å—é —Ä—É—á–Ω–∞—è —Ä–∞–±–æ—Ç–∞ 
2600 —Ä
–µ—Å—Ç—å –ø–µ—Ç–ª—è –¥–ª—è –∫—Ä–µ–ø–ª–µ–Ω–∏—è –Ω–∞ —Å—Ç–µ–Ω—É –∏–ª–∏ –¥–≤–µ—Ä—å
–ø–∏—Å–∞—Ç—å –≤ –ª–∏—á–Ω—ã–µ —Å–æ–æ–±—â–µ–Ω–∏—è @paradofcon","{'platform': 'telegram', 'wall_id': 1525972822, 'post_id': 7410}"
17,"–Ω–æ–≤—ã–π 1,5 —Å–ø–∞–ª—å–Ω—ã–π –∫–æ–º–ø–ª–µ–∫—Ç –ø–æ—Å—Ç–µ–ª—å–Ω–æ–≥–æ –±–µ–ª—å—è, —Å–∞—Ç–∏–Ω, 1000‚ÇΩ","{'platform': 'telegram', 'wall_id': 1525972822, 'post_id': 7408}"
18,"–Ω–æ–≤—ã–π –¥–≤—É—Ö —Å–ø–∞–ª—å–Ω—ã–π –∫–æ–º–ø–ª–µ–∫—Ç –ø–æ—Å—Ç–µ–ª—å–Ω–æ–≥–æ –±–µ–ª—å—è, –ø–æ–ª–∏—Å–∞—Ç–∏–Ω, 1000‚ÇΩ","{'platform': 'telegram', 'wall_id': 1525972822, 'post_id': 7406}"
19,"–Ω–æ–≤—ã–π –¥–≤—É—Ö —Å–ø–∞–ª—å–Ω—ã–π –∫–æ–º–ø–ª–µ–∫—Ç –ø–æ—Å—Ç–µ–ª—å–Ω–æ–≥–æ –±–µ–ª—å—è, –±—è–∑—å, 1000‚ÇΩ","{'platform': 'telegram', 'wall_id': 1525972822, 'post_id': 7403}"
20,"—Å—É–º–∫–∞ –±–µ–∂–µ–≤–∞—è 2–≤1 38 —Ö 32 —Å–º

–±/—É –Ω–µ–º–Ω–æ–≥–æ, —Å–æ—Å—Ç–æ—è–Ω–∏–µ –æ–≥–æ–Ω—å)
–µ–¥–∏–Ω—Å—Ç–≤–µ–Ω–Ω—ã–π –Ω—é–∞–Ω—Å: –º–∞–ª–µ–Ω—å–∫–∞—è –¥—ã—Ä–æ—á–∫–∞ –Ω–∞ –ø–æ–¥–∫–ª–∞–¥–∫–µ —É –º–æ–ª–Ω–∏–∏
–≤—Ä–æ–¥–µ –Ω–∞—Ç—É—Ä–∞–ª—å–Ω–∞—è –∫–æ–∂–∞
–º–æ–∂–Ω–æ –Ω–æ—Å–∏—Ç—å –¥–≤—É–º—è —Å–ø–æ—Å–æ–±–∞–º–∏, –∞ —Ç–∞–∫–∂–µ —á–µ—Ä–µ–∑ –ø–ª–µ—á–æ –∫–∞–∫ –∫—Ä–æ—Å—Å–±–æ–¥–∏
–æ—á–µ–Ω—å –∫—Ä–∞—Å–∏–≤–∞—è, –∫–∞—á–µ—Å—Ç–≤–µ–Ω–Ω–∞—è –∏ —Ñ—É–Ω–∫—Ü–∏–æ–Ω–∞–ª—å–Ω–∞—è —Å—É–º–æ—á–∫–∞ üëçüèº
—Ä–∞–∑–≥—Ä–µ–±–∞—é –≥–∞—Ä–¥–µ—Ä–æ–±, –º–Ω–æ–≥–æ —Å—É–º–æ–∫ –≤ –Ω–∞–ª–∏—á–∏–∏ üå∏

1450—Ä
–ø–æ–ª–µ–∂–∞–µ–≤—Å–∫–∞—è / –∞–≤–∏—Ç–æ –¥–æ—Å—Ç–∞–≤–∫–∞","{'platform': 'telegram', 'wall_id': 1525972822, 'post_id': 7397}"
21,"–∫–∞–ø–æ—Ä –∫–∞–ø—é—à–æ–Ω –∏–∑ –º–µ—Ö–∞ –Ω–æ—Ä–∫–∏, —à–∏–∫–∞—Ä–Ω—ã–π, –Ω–æ–≤—ã–π. —Å —É—Ç–µ–ø–ª–µ–Ω–Ω–æ–π –ø–æ–¥–∫–ª–∞–¥–∫–æ–π ( —Ç–∫ –≤—è–∑–∞–Ω–∞—è –Ω–æ—Ä–∫–∞ –ø—Ä–æ–¥—É–≤–∞–µ—Ç—Å—è) , –ø—Ä–∏—à–∏—Ç —Ç–µ–ø–ª—ã–π –∫–∞–ø—é—à–æ–Ω, –ø—Ä–∏ –∂–µ–ª–∞–Ω–∏–µ –µ–≥–æ –ª–µ–≥–∫–æ –æ—Ç–ø–æ—Ä–æ—Ç—å. 5000—Ä—É–±. –º–æ—Å–∫–≤–∞. –Ω–æ–≤—ã–µ —á–µ—Ä–µ–º—É—à–∫–∏.","{'platform': 'telegram', 'wall_id': 1525972822, 'post_id': 7392}"
22,"—Å—É–º–∫–∞ –º–æ–ª–æ—á–Ω–æ–≥–æ —Ü–≤–µ—Ç–∞ –∫–æ–∂–∑–∞–º —à–æ–ø–µ—Ä —Ç–æ—É—Ç 30 —Ö 30 —Å–º

–Ω–µ –±/—É, –ø–æ–¥–∫–ª–∞–¥ –Ω–æ–≤—ã–π, –¥–∞–∂–µ –∑–∞–º–æ—á–µ–∫ –Ω–µ —Ä–∞—Å–∫—Ä—ã—Ç. –Ω—é–∞–Ω—Å—ã:
-–Ω–∞ —Ä—É—á–∫–∞—Ö –ø–æ—Ç—ë—Ä—Ç–∞ –∑–∞–ª–∏–≤–∫–∞ —É –æ—Å–Ω–æ–≤–∞–Ω–∏—è (—Å—É–º–∫–∞ –ª–µ–∂–∏—Ç —É–∂–µ –≥–æ–¥–∞ 4, –∂–¥—ë—Ç —Ö–æ–∑—è–π–∫—É)
-–Ω–∞ –¥–Ω–µ –µ—Å—Ç—å –º–∞–ª–æ –∑–∞–º–µ—Ç–Ω—ã–µ —Ä–æ–∑–æ–≤—ã–µ –ø—è—Ç–Ω–∞
—Ä–∞–∑–≥—Ä–µ–±–∞—é –≥–∞—Ä–¥–µ—Ä–æ–±, –º–Ω–æ–≥–æ —Å—É–º–æ–∫ –æ—Ç–¥–∞—é –∑–∞ –∫–æ–ø–µ–π–∫–∏üå∏

900—Ä
–ø–æ–ª–µ–∂–∞–µ–≤—Å–∫–∞—è / –∞–≤–∏—Ç–æ –¥–æ—Å—Ç–∞–≤–∫–∞","{'platform': 'telegram', 'wall_id': 1525972822, 'post_id': 7385}"
23,"–Ω–æ–≤–∞—è —Ö–ª–æ–ø–∫–æ–≤–∞—è —Å–∫–∞—Ç–µ—Ä—Ç—å, —Ä–∞–∑–º–µ—Ä 195*155 —Å–º, 700 —Ä—É–±, —Å–∞–º–æ–≤—ã–≤–æ–∑ –ø–æ –∞–¥—Ä–µ—Å—É —Å—É–¥–æ—Å—Ç—Ä–æ–∏—Ç–µ–ª—å–Ω–∞—è —É–ª–∏—Ü–∞ 10–∫2 (7 –º–∏–Ω –æ—Ç –º–µ—Ç—Ä–æ –∫–æ–ª–æ–º–µ–Ω—Å–∫–∞—è) –∏–ª–∏ –æ—Ç–ø—Ä–∞–≤–ª—é –∞–≤–∏—Ç–æ –¥–æ—Å—Ç–∞–≤–∫–æ–π (–ø–µ—Ä–≤—ã–µ —Ç—Ä–∏ —Å—Ç–æ—è—Ç 49 —Ä—É–±)","{'platform': 'telegram', 'wall_id': 1525972822, 'post_id': 7384}"
24,"—Ä—é–∫–∑–∞–∫ —Å–µ—Ä–µ–±—Ä–∏—Å—Ç—ã–π —Å –∑–∞–∫–ª–µ–ø–∫–∞–º–∏ –±/—É 24 —Ö 22 —Å–º

–ø—Ä–æ—Ç–µ—Ä–ª–∞—Å—å –∫—Ä–∞—Å–∫–∞ –Ω–∞ —Å–ø–∏–Ω–∫–µ –∏ –Ω–µ–º–Ω–æ–≥–æ –Ω–∞ —É–≥–ª–∞—Ö - –Ω—É–∂–Ω–∞ —Å–µ—Ä–µ–±—Ä—è–Ω–∞—è –∫—Ä–∞—Å–∫–∞ –∏ –±—É–¥–µ—Ç –∫–∞–∫ –Ω–æ–≤—ã–π
–Ω–æ—Å–∏–ª–∞ –∞–∫–∫—É—Ä–∞—Ç–Ω–æ, –ø–æ–¥–∫–ª–∞–¥ —á–∏—Å—Ç—ã–π
–æ—á–µ–Ω—å —Å—Ç–∏–ª—å–Ω—ã–π, –ø–æ –∑–∞–ø—Ä–æ—Å—É —Å–¥–µ–ª–∞—é –µ—â–µ —Ñ–æ—Ç–æ/–≤–∏–¥–µ–æ üëåüèº
—Ä–∞–∑–≥—Ä–µ–±–∞—é –≥–∞—Ä–¥–µ—Ä–æ–±, –º–Ω–æ–≥–æ —Å—É–º–æ–∫ –æ—Ç–¥–∞—é –∑–∞ –∫–æ–ø–µ–π–∫–∏üå∏

400—Ä
–ø–æ–ª–µ–∂–∞–µ–≤—Å–∫–∞—è / –∞–≤–∏—Ç–æ –¥–æ—Å—Ç–∞–≤–∫–∞","{'platform': 'telegram', 'wall_id': 1525972822, 'post_id': 7379}"
25,"–Ω–∞–±–æ—Ä –ø–æ–ª–æ—Ç–µ–Ω–µ—Ü –∏–∑ 3 —à—Ç —Ä–∞–∑–º–µ—Ä—ã 30*50, 50*90, 70*140. 6 —Ä–∞–∑–Ω—ã—Ö —Ü–≤–µ—Ç–æ–≤. —Ü–µ–Ω–∞ 1350.","{'platform': 'telegram', 'wall_id': 1525972822, 'post_id': 7378}"
26,"–Ω–æ—Ä–∫–æ–≤–∞—è —à–∞–ø–∫–∞. 1400 —Ä—É–±. —Å–æ—Å–µ–Ω—Å–∫–∏–π —Å—Ç–∞–Ω,3","{'platform': 'telegram', 'wall_id': 1525972822, 'post_id': 7375}"
27,"–¥–≤–∞ –≤ –æ–¥–Ω–æ–º . –ø–∏–∂–∞–º–Ω–∏—Ü–∞ –∏ –∏–≥—Ä—É—à–∫–∞. —Ä—É—á–Ω–∞—è —Ä–∞–±–æ—Ç–∞, –Ω–æ–≤–∞—è 
—Ü–µ–Ω–∞ 1490","{'platform': 'telegram', 'wall_id': 1525972822, 'post_id': 7370}"
28,"–∫–∞—Ä—Ç–∏–Ω–∞ ""–ª—É–Ω–Ω–∞—è –Ω–æ—á—å"".
–æ—Ä–∏–µ–Ω—Ç–∏—Ä–æ–≤–æ—á–Ω–æ 2000-2010 –≥–≥.
–º–∞—Å–ª–æ, —Ö–æ–ª—Å—Ç –Ω–∞ –ø–æ–¥—Ä–∞–º–Ω–∏–∫–µ.
—Ä–∞–∑–º–µ—Ä—ã 250*350 –º–º.
–≤ –æ—Ç–ª–∏—á–Ω–æ–º —Å–æ—Å—Ç–æ—è–Ω–∏–∏.
—Ü–µ–Ω–∞ 6 —Ç—ã—Å.—Ä—É–±.","{'platform': 'telegram', 'wall_id': 1525972822, 'post_id': 7367}"
29,"—à–∞–ø–∫–∞-—É—à–∞–Ω–∫–∞ –Ω–æ–≤–∞—è –∫–∞–ª—è–µ–≤.
–º–∞—Ç–µ—Ä–∏–∞–ª: –Ω–∞—Ç—É—Ä–∞–ª—å–Ω–∞—è –∫–æ–∂–∞, –Ω–∞—Ç—É—Ä–∞–ª—å–Ω—ã–π –º–µ—Ö (–µ–Ω–æ—Ç).
–ø—Ä–æ–∏–∑–≤–æ–¥—Å—Ç–≤–æ: —Ä–æ—Å—Å–∏—è, –∫–∞–ª—è–µ–≤.
—Ä–∞–∑–º–µ—Ä: 58-59-60 (–ø–æ —è—Ä–ª—ã–∫—É).
–µ—Å—Ç—å —É—Ç—è–∂–∫–∞ —Å–∑–∞–¥–∏.
–Ω–æ–≤–∞—è, –≤ –æ—Ç–ª–∏—á–Ω–æ–º —Å–æ—Å—Ç–æ—è–Ω–∏–∏.
—Ü–µ–Ω–∞ 6000 —Ä—É–±.","{'platform': 'telegram', 'wall_id': 1525972822, 'post_id': 7364}"
30,"—à–∞–ø–∫–∞-—É—à–∞–Ω–∫–∞ –Ω–æ–≤–∞—è.
–º–∞—Ç–µ—Ä–∏–∞–ª: –Ω–∞—Ç—É—Ä–∞–ª—å–Ω–∞—è –æ–≤—á–∏–Ω–∞, –Ω–∞—Ç—É—Ä–∞–ª—å–Ω–∞—è –∫–æ–∂–∞.
–ø—Ä–æ–∏–∑–≤–æ–¥—Å—Ç–≤–æ: —Ä–æ—Å—Å–∏—è.
—Ä–∞–∑–º–µ—Ä –æ—Ä–∏–µ–Ω—Ç–∏—Ä–æ–≤–æ—á–Ω–æ: 57-58 (xxl).
–µ—Å—Ç—å —É—Ç—è–∂–∫–∞ —Å–∑–∞–¥–∏ 
–Ω–æ–≤–∞—è, –≤ –æ—Ç–ª–∏—á–Ω–æ–º —Å–æ—Å—Ç–æ—è–Ω–∏–∏.
—Ü–µ–Ω–∞ 4000 —Ä—É–±.","{'platform': 'telegram', 'wall_id': 1525972822, 'post_id': 7359}"
31,"–º–∞—Å—Å–∞–∂–µ—Ä –¥–ª—è –Ω–æ–≥ bosch pmf 2232. 
–Ω–æ–≤—ã–π, –≤ –æ—Ä–∏–≥–∏–Ω–∞–ª—å–Ω–æ–π —É–ø–∞–∫–æ–≤–∫–µ (—Å –¥–æ–∫—É–º–µ–Ω—Ç–∞–º–∏).
—Ä–µ–∂–∏–º: —Ç—É—Ä–±–æ–º–∞—Å—Å–∞–∂, –ø—É–∑—ã—Ä—å–∫–æ–≤—ã–π –∏ –≤–∏–±—Ä–∞—Ü–∏–æ–Ω–Ω—ã–π –º–∞—Å—Å–∞–∂.
2 —Å—ä–µ–º–Ω—ã—Ö –º–∞—Å—Å–∞–∂–Ω—ã—Ö —Ä–æ–ª–∏–∫–∞.
3 –Ω–∞—Å–∞–¥–∫–∏: —â–µ—Ç–∫–∞, –ø–µ–º–∑–∞, –º–∞—Å—Å–∞–∂–Ω—ã–µ —Ä–æ–ª–∏–∫–∏.
–≤–æ–∑–º–æ–∂–Ω–æ—Å—Ç—å –∏—Å–ø–æ–ª—å–∑–æ–≤–∞–Ω–∏—è —Ç—Ä–∞–≤ –∏ —Å–æ–ª–µ–π.
—É–¥–æ–±–Ω–æ–µ —É–ø—Ä–∞–≤–ª–µ–Ω–∏–µ –ø–æ—Å—Ä–µ–¥—Å—Ç–≤–æ–º –∫–ª–∞–≤–∏—à –æ–±–µ—Å–ø–µ—á–∏–≤–∞–µ—Ç –≤–æ–∑–º–æ–∂–Ω–æ—Å—Ç—å —Ä–∞–∑–Ω–æ–æ–±—Ä–∞–∑–Ω—ã—Ö –∫–æ–º–±–∏–Ω–∞—Ü–∏–π.
–∏–Ω—Ñ—Ä–∞–∫—Ä–∞—Å–Ω—ã–π —Ç–µ–ø–ª–æ–≤–æ–π –∏—Å—Ç–æ—á–Ω–∏–∫.
–ø–æ–¥–æ–≥—Ä–µ–≤ –≤–æ–¥—ã.
—Ä–∞–∑–º–µ—Ä —É–ø–∞–∫–æ–≤–∫–∏ (–≤—à–¥): 36*20*44 —Å–º. 
–≤–µ—Å: 1,5 –∫–≥.
–∫—É–ø–ª–µ–Ω –≤ –ø–æ–¥–∞—Ä–æ–∫, –Ω–∏ —Ä–∞–∑—É –Ω–µ –∏—Å–ø–æ–ª—å–∑–æ–≤–∞–ª—Å—è. 
—Ü–µ–Ω–∞ 5 —Ç—ã—Å.—Ä—É–±.","{'platform': 'telegram', 'wall_id': 1525972822, 'post_id': 7354}"
32,"–Ω–∞–±–æ—Ä —á–∞–π–Ω—ã—Ö –ª–æ–∂–µ–∫ –¥—É–±–æ–∫ –∑i–¥.
–º–∞—Ç–µ—Ä–∏–∞–ª: –º–µ–ª—å—Ö–∏–æ—Ä –ø–æ—Å–µ—Ä–µ–±—Ä–µ–Ω–Ω—ã–π (24 –º–∫—Ä).
–ø—Ä–æ–∏–∑–≤–æ–¥—Å—Ç–≤–æ: —Å—Å—Å—Ä, –∑–∞–≤–æ–¥ –∏–º–µ–Ω–∏ –¥–∑–µ—Ä–∂–∏–Ω—Å–∫–æ–≥–æ, –∫–∏–µ–≤, —É–∫—Ä–∞–∏–Ω–∞, 50-–µ –≥–≥.
–≤ –æ—Ç–ª–∏—á–Ω–æ–º —Å–æ—Å—Ç–æ—è–Ω–∏–∏.
–±–µ–∑ —É—Ç—Ä–∞—Ç —Å–µ—Ä–µ–±—Ä—è–Ω–æ–≥–æ –ø–æ–∫—Ä—ã—Ç–∏—è.
–≤ –∞—É—Ç–µ–Ω—Ç–∏—á–Ω–æ–º —Ñ—É—Ç–ª—è—Ä–µ.
—Ü–µ–Ω–∞ 2500 —Ä—É–±.","{'platform': 'telegram', 'wall_id': 1525972822, 'post_id': 7349}"
33,"""–º–æ–π –¥–æ–º –Ω–∞ –∫–æ–ª–µ—Å–∞—Ö"" –Ω–∞—Ç–∞–ª—å—è –¥—É—Ä–æ–≤–∞.
–∏–∑–¥–∞—Ç–µ–ª—å—Å—Ç–≤–æ: –¥–µ—Ç—Å–∫–∞—è –ª–∏—Ç–µ—Ä–∞—Ç—É—Ä–∞, –º–æ—Å–∫–≤–∞, 1993.
–º—è–≥–∫–∏–π –ø–µ—Ä–µ–ø–ª–µ—Ç, —É–º–µ–Ω—å—à–µ–Ω–Ω—ã–π —Ñ–æ—Ä–º–∞—Ç, 224 —Å—Ç—Ä.
—Å –∞–≤—Ç–æ–≥—Ä–∞—Ñ–æ–º –∞–≤—Ç–æ—Ä–∞ - –Ω–∞—Ç–∞–ª—å–∏ —é—Ä—å–µ–≤–Ω—ã –¥—É—Ä–æ–≤–æ–π, –ø—Ä–µ–¥—Å—Ç–∞–≤–∏—Ç–µ–ª—å–Ω–∏—Ü—ã —Å–ª–∞–≤–Ω–æ–π –¥–∏–Ω–∞—Å—Ç–∏–∏ –¥—Ä–µ—Å—Å–∏—Ä–æ–≤—â–∏–∫–æ–≤ –¥—É—Ä–æ–≤—ã—Ö, –æ—Å–Ω–æ–≤–∞—Ç–µ–ª—å–Ω–∏—Ü—ã –∏ –±–µ—Å—Å–º–µ–Ω–Ω–æ–≥–æ —Ä—É–∫–æ–≤–æ–¥–∏—Ç–µ–ª—è —É–≥–æ–ª–∫–∞ –¥–µ–¥—É—à–∫–∏ –¥—É—Ä–æ–≤–∞.
–¥–∞—Ä—Å—Ç–≤–µ–Ω–Ω–∞—è –Ω–∞–¥–ø–∏—Å—å –∏ –∞–≤—Ç–æ–≥—Ä–∞—Ñ –ø—Ä–æ—Å—Ç–∞–≤–ª–µ–Ω—ã –≤ 2003 –≥.
–±—É–∫–∏–Ω–∏—Å—Ç–∏—á–µ—Å–∫–æ–µ –∏–∑–¥–∞–Ω–∏–µ.
–≤ –æ—Ç–ª–∏—á–Ω–æ–º —Å–æ—Å—Ç–æ—è–Ω–∏–∏.
—Ü–µ–Ω–∞ 3000 —Ä—É–±.","{'platform': 'telegram', 'wall_id': 1525972822, 'post_id': 7342}"
34,"–ø–ª—é—à–µ–≤–∞—è –º—è–≥–∫–∞—è –º–∞–ª–µ–Ω—å–∫–∞—è —Å—É–º–æ—á–∫–∞ –Ω–∞ –ø–ª–µ—á–æ 22 —Ö 12 —Å–º –∫–æ—Ä–∏—á–Ω–µ–≤–∞—è
–Ω–æ–≤–∞—è, –æ—Ç–ª–∏—á–Ω–æ —Å–æ—á–µ—Ç–∞–µ—Ç—Å—è —Å —à—É–±–æ–π

—Ä–∞–∑–≥—Ä–µ–±–∞—é –≥–∞—Ä–¥–µ—Ä–æ–±, –º–Ω–æ–≥–æ —Å—É–º–æ–∫ –æ—Ç–¥–∞—é –∑–∞ –∫–æ–ø–µ–π–∫–∏üå∏

500—Ä
–ø–æ–ª–µ–∂–∞–µ–≤—Å–∫–∞—è / –∞–≤–∏—Ç–æ –¥–æ—Å—Ç–∞–≤–∫–∞","{'platform': 'telegram', 'wall_id': 1525972822, 'post_id': 7337}"
35,"–ø—Ä–æ–¥–∞—é –¥–≤–µ —ë–ª–æ—á–∫–∏, 30 —Å–º, –ø–æ–ª–Ω–æ—Å—Ç—å—é —Ä—É—á–Ω–∞—è —Ä–∞–±–æ—Ç–∞
–ø–æ 1500 —Ä
–ø–∏—Å–∞—Ç—å –≤ –ª–∏—á–Ω—ã–µ —Å–æ–æ–±—â–µ–Ω–∏—è @paradofcon","{'platform': 'telegram', 'wall_id': 1525972822, 'post_id': 7331}"
36,"–±–µ—Å—Ñ–æ—Ä–º–µ–Ω–Ω–∞—è –±–æ–ª—å—à–∞—è —Å—É–º–∫–∞ –≤ –∫–ª–µ—Ç–∫—É —Ç–∫–∞–Ω–µ–≤–∞—è 40 —Ö 24 —Å–º
–≤ –æ—Ç–ª–∏—á–Ω–æ–º —Å–æ—Å—Ç–æ—è–Ω–∏–∏! –±/—É 1 —Ä–∞–∑ 

–±–µ–∑ –¥–µ—Ñ–µ–∫—Ç–æ–≤, –≤—ã–¥–µ—Ä–∂–∏—Ç –±–æ–ª—å—à–æ–π –≥—Ä—É–∑ –∑–∞ —Å—á—ë—Ç —Ç–æ–ª—Å—Ç–æ–≥–æ —Ä–µ–º–Ω—è) 
–æ—á–µ–Ω—å –ª—ë–≥–∫–∞—è –ø–æ –≤–µ—Å—É, –Ω–µ –º–Ω—ë—Ç—Å—è, –Ω–µ–∑–∞–º–µ–Ω–∏–º–∞—è –≤–µ—â—å –≤ –ø–æ–µ–∑–¥–∫–µ
—Ä–∞–∑–≥—Ä–µ–±–∞—é –≥–∞—Ä–¥–µ—Ä–æ–±, –º–Ω–æ–≥–æ —Å—É–º–æ–∫ –æ—Ç–¥–∞—é –∑–∞ –∫–æ–ø–µ–π–∫–∏ üôåüèºüå∏

400—Ä
–ø–æ–ª–µ–∂–∞–µ–≤—Å–∫–∞—è / –∞–≤–∏—Ç–æ –¥–æ—Å—Ç–∞–≤–∫–∞","{'platform': 'telegram', 'wall_id': 1525972822, 'post_id': 7325}"
37,"–¥–≤–∞ –≤ –æ–¥–Ω–æ–º –ø–∏–∂–∞–º–Ω–∏—Ü–∞ –∏ –∏–≥—Ä—É—à–∫–∞
–æ—Ä–∏–≥–∏–Ω–∞–ª—å–Ω—ã–π –∏ –Ω–µ–æ–±—ã—á–Ω—ã–π –ø–æ–¥–∞—Ä–æ–∫
—Ä—É—á–Ω–∞—è —Ä–∞–±–æ—Ç–∞, –Ω–æ–≤—ã–π
—Ü–µ–Ω–∞ 1490","{'platform': 'telegram', 'wall_id': 1525972822, 'post_id': 7320}"
38,"—Å—É–º–∫–∞ –±–µ–∂–µ–≤–∞—è –Ω–∞ –ø–ª–µ—á–æ carpisa —Ç–æ—É—Ç —à–æ–ø–µ—Ä –±/—É 43 —Ö 30 —Ö 13 —Å–º

—Å–æ—Å—Ç–æ—è–Ω–∏–µ –Ω–∞ —Ñ–æ—Ç–æ, –ø–æ –∑–∞–ø—Ä–æ—Å—É —Å–¥–µ–ª–∞—é –µ—â–µ üì∏
–ø—Ä–æ—á–Ω—ã–µ —Ä—É—á–∫–∏, –Ω–æ—Å–∏–ª–∞ –≤ –Ω–µ–π –º–∞–∫–±—É–∫. –≤–º–µ—Å—Ç–∏—Ç–µ–ª—å–Ω–∞—è, –∫–∞—á–µ—Å—Ç–≤–µ–Ω–Ω–∞—è üëçüèº –∑–∏–º–æ–π –Ω–∞ –ø—É—Ö–æ–≤–∏–∫ /—à—É–±—É –Ω–æ—Å–∏—Ç—å —É–¥–æ–±–Ω–æ, –∑–∞–ª–µ–∑–∞–µ—Ç)
-–µ—Å—Ç—å –Ω–µ–∑–Ω–∞—á–∏—Ç–µ–ª—å–Ω—ã–µ —Å–ª–µ–¥—ã –≤—Ä–µ–º–µ–Ω–∏, –Ω–µ–∑–∞–º–µ—Ç–Ω—ã–µ –ø—Ä–∏ –Ω–æ—Å–∫–µ
—Ä–∞–∑–≥—Ä–µ–±–∞—é –≥–∞—Ä–¥–µ—Ä–æ–±, –º–Ω–æ–≥–æ —Å—É–º–æ–∫ –æ—Ç–¥–∞—é –∑–∞ –∫–æ–ø–µ–π–∫–∏ üôåüèºüå∏

700—Ä
–ø–æ–ª–µ–∂–∞–µ–≤—Å–∫–∞—è / –∞–≤–∏—Ç–æ –¥–æ—Å—Ç–∞–≤–∫–∞","{'platform': 'telegram', 'wall_id': 1525972822, 'post_id': 7314}"
39,"–º–æ–¥—É–ª—å–Ω–∞—è –∫–∞—Ä—Ç–∏–Ω–∞. 800 —Ä—É–±. —Å–æ—Å–µ–Ω—Å–∫–∏–π —Å—Ç–∞–Ω,3","{'platform': 'telegram', 'wall_id': 1525972822, 'post_id': 7312}"
40,"–ø–æ–¥—Å—Ç–∞–≤–∫–∞ –¥–ª—è —Ü–≤–µ—Ç–æ–≤, –Ω–∞ 9 –≥–æ—Ä—à–∫–æ–≤. 2100 —Ä—É–±. —Å–æ—Å–µ–Ω—Å–∫–∏–π —Å—Ç–∞–Ω,3","{'platform': 'telegram', 'wall_id': 1525972822, 'post_id': 7310}"
41,"–º–æ–¥—É–ª—å–Ω–∞—è –∫–∞—Ä—Ç–∏–Ω–∞ —É–∫—É—Ç–∞–Ω–Ω—ã–π –∫–æ—Ç—ë–Ω–æ–∫ 

–ø–∞—Ä–∞–º–µ—Ç—Ä—ã –≤—Å–µ–π –∫–æ–º–ø–æ–∑–∏—Ü–∏–∏ 77—Ö120 —Å–º
–ø—Ä–æ–≤–∏—Å–µ–ª–∞ –Ω–µ—Å–∫–æ–ª—å–∫–æ –ª–µ—Ç –≤ –¥–µ—Ç—Å–∫–æ–π, —Å—Ç–æ–∏–ª–∞ –æ–∫–æ–ª–æ 5–∫, —Å–æ—Å—Ç–æ—è–Ω–∏–µ –æ—Ç–ª–∏—á–Ω–æ–µ
–æ–±—Ä–∞–±–æ—Ç–∞–Ω–∞ —Å–≤–µ—Ä—Ö—É —Ç–µ–∫—Å—Ç—É—Ä–Ω—ã–º –≥–µ–ª–µ–º

700—Ä
–ø–æ–ª–µ–∂–∞–µ–≤—Å–∫–∞—è","{'platform': 'telegram', 'wall_id': 1525972822, 'post_id': 7307}"
42,"–Ω–æ–≤–æ–≥–æ–¥–Ω–∏–π –≤–µ–Ω–æ–∫
–ø–æ–ª–Ω–æ—Å—Ç—å—é —Ä—É—á–Ω–∞—è —Ä–∞–±–æ—Ç–∞, 35 —Å–º, –µ—Å—Ç—å –∫—Ä–µ–ø–ª–µ–Ω–∏–µ –Ω–∞ —Å—Ç–µ–Ω—É
3000 —Ä
–ø–∏—Å–∞—Ç—å –≤ –ª–∏—á–Ω—ã–µ —Å–æ–æ–±—â–µ–Ω–∏—è","{'platform': 'telegram', 'wall_id': 1525972822, 'post_id': 7301}"
43,"—Å—É–º–∫–∞ –±–µ–ª–∞—è –Ω–µ–º–µ—Ü–∫–∞—è justfab –∫—Ä–æ—Å—Å–±–æ–¥–∏ —Å –∂–µ–º—á—É–≥–æ–º –±/—É

23,5 —Ö 15 —Ö 9 —Å–º
—É–≤–µ—Å–∏—Å—Ç–∞—è —Ü–µ–ø—å –∏–∑ –º–µ—Ç–∞–ª–ª–∞, –Ω–µ –æ–∫–∏—Å–ª–∏–ª–∞—Å—å, –Ω–µ –∫—Ä–∞—Å–∏—Ç, –Ω–µ —Ü–µ–ø–ª—è–µ—Ç –≤–æ–ª–æ—Å—ã
–º–∏–Ω—É—Å—ã –Ω–∞ —Ñ–æ—Ç–æ (–æ–∫—Ä–∞—Å–∏–ª–∞—Å—å, –ø–æ—Ç—ë—Ä—Ç –∑–∞–º–æ—á–µ–∫, –≤–Ω—É—Ç—Ä–∏ –∫–∞—Ä–º–∞—à–µ–∫)
–∞–∫–∫—É—Ä–∞—Ç–Ω–∞—è, –Ω–æ –æ—á–µ–Ω—å –≤–º–µ—Å—Ç–∏—Ç–µ–ª—å–Ω–∞—è 
—Ä–∞–∑–≥—Ä–µ–±–∞—é –≥–∞—Ä–¥–µ—Ä–æ–±, –º–Ω–æ–≥–æ —Å—É–º–æ–∫ –æ—Ç–¥–∞—é –∑–∞ –∫–æ–ø–µ–π–∫–∏üå∏

350—Ä
–ø–æ–ª–µ–∂–∞–µ–≤—Å–∫–∞—è / –æ—Ç–ø—Ä–∞–≤–∫–∞","{'platform': 'telegram', 'wall_id': 1525972822, 'post_id': 7295}"
44,–∏–≥—Ä–∞ –º–æ–Ω–æ–ø–æ–ª–∏—è –≤ –æ—Ç–ª–∏—á–Ω–æ–º —Å–æ—Å—Ç–æ—è–Ω–∏–∏. 1500‚ÇΩ,"{'platform': 'telegram', 'wall_id': 1525972822, 'post_id': 7291}"
45,"–ø—Ä–æ–¥–∞–µ—Ç—Å—è –ø—Ä–∏–ª–µ—Å–Ω–æ–π —É—á–∞—Å—Ç–æ–∫ –≤ –∫–æ—Ç—Ç–µ–¥–∂–Ω–æ–º –ø–æ—Å–µ–ª–∫–µ –±–æ—Ä—Ç–Ω–µ–≤—Å–∫–∏–µ –¥–∞—á–∏. 39 –∫–º –æ—Ç –º–∫–∞–¥ –ø–æ —è—Ä–æ—Å–ª–∞–≤—Å–∫–æ–º—É —à–æ—Å—Å–µ. –æ–±—â–∞—è –ø–ª–æ—â–∞–¥—å 26 —Å–æ—Ç. + 5 —Å–æ—Ç–æ–∫ —Å –æ–≥—Ä–∞–Ω–∏—á–µ–Ω–∏–µ–º
—É—á–∞—Å—Ç–æ–∫ —Å —Ä–æ–≤–Ω—ã–º –ª–∞–Ω–¥—à–∞—Ñ—Ç–æ–º, —Å—É—Ö–æ–π, –≥–æ—Ç–æ–≤—ã–π –∫ —Å–¥–µ–ª–∫–µ –∏ –∫ —Å—Ç—Ä–æ–∏—Ç–µ–ª—å—Å—Ç–≤—É –¥–æ–º–∞,  –≤ –æ—Ç–¥–∞–ª–µ–Ω–∏–∏ –æ—Ç —Ç—Ä–∞—Å—Å—ã. 
2 900 000—Ä. –æ—Ç —Å–æ–±—Å—Ç–≤–µ–Ω–Ω–∏–∫–∞.

–≤ –ø–æ—Å–µ–ª–∫–µ –ø—Ä–æ–ª–æ–∂–µ–Ω—ã –∏–º–µ—é—Ç—Å—è –æ—Å–Ω–æ–≤–Ω—ã–µ –∫–æ–º–º—É–Ω–∏–∫–∞—Ü–∏–∏: —ç–ª–µ–∫—Ç—Ä–∏—á–µ—Å—Ç–≤–æ(15 –∫–≤—Ç –Ω–∞ –¥–æ–º–æ–≤–ª–∞–¥–µ–Ω–∏–µ), –º–∞–≥–∏—Å—Ç—Ä–∞–ª—å–Ω—ã–π –≥–∞–∑ –≤ 2023–≥, 
—Å–µ—Ç–∏ –¥–ª—è —Å–∫–æ—Ä–æ—Å—Ç–Ω–æ–≥–æ –∏–Ω—Ç–µ—Ä–Ω–µ—Ç–∞, –≤—å–µ–∑–¥ —á–µ—Ä–µ–∑ —à–ª–∞–≥–±–∞—É–º, –æ—Ö—Ä–∞–Ω–∞, –∫—Ä—É–≥–ª–æ—Å—É—Ç–æ—á–Ω–∞—è –¥–µ–∂—É—Ä–Ω–∞—è –∏–Ω–∂–µ–Ω–µ—Ä–Ω–∞—è —Å–ª—É–∂–±–∞

–æ—Å–Ω–æ–≤–Ω—ã–µ –ø—Ä–µ–∏–º—É—â–µ—Å—Ç–≤–∞:
        –ª–µ—Å —Å –¥–≤—É—Ö —Å—Ç–æ—Ä–æ–Ω –ø–æ—Å–µ–ª–∫–∞;
 –¥–µ—Ç—Å–∫–∏–µ –ø–ª–æ—â–∞–¥–∫–∏;
 —É–¥–æ–±–Ω–∞—è —Ç—Ä–∞–Ω—Å–ø–æ—Ä—Ç–Ω–∞—è –¥–æ—Å—Ç—É–ø–Ω–æ—Å—Ç—å;
        –ø–æ—Å–µ–ª–æ–∫ –æ–±—Å–ª—É–∂–∏–≤–∞–µ—Ç—Å—è;
        –∞–∫—Ç–∏–≤–Ω—ã–µ –∞–¥–µ–∫–≤–∞—Ç–Ω—ã–µ —Å–æ—Å–µ–¥–∏;
        –≤ 2 –∫–º –µ—Å—Ç—å –≤—Å—è –≥–æ—Ä–æ–¥—Å–∫–∞—è –∏–Ω—Ñ—Ä–∞—Å—Ç—Ä—É–∫—Ç—É—Ä–∞ –≤ –ø–æ—Å–µ–ª–∫–µ —Å–æ—Ñ—Ä–∏–Ω–æ-1;
        —Ö–æ—Ä–æ—à–∞—è –¥–æ—Å—Ç—É–ø–Ω–æ—Å—Ç—å –æ–±—â–µ—Å—Ç–≤–µ–Ω–Ω—ã–º —Ç—Ä–∞–Ω—Å–ø–æ—Ä—Ç–æ–º, –ø—Ä—è–º—ã–µ –º–∞—Ä—à—Ä—É—Ç–∫–∏ –¥–æ –∂–¥ —Å—Ç. —Å–æ—Ñ—Ä–∏–Ω–æ –∏ –∑–µ–ª–µ–Ω–æ–≥—Ä–∞–¥—Å–∫–∞—è;
        –ø—Ä–∞–∫—Ç–∏—á–µ—Å–∫–∏ –≤—Å–µ —É—á–∞—Å—Ç–∫–∏ –ø—Ä–æ–¥–∞–Ω—ã –∏ –∑–∞—Å–µ–ª—è—é—Ç—Å—è.","{'platform': 'telegram', 'wall_id': 1525972822, 'post_id': 7289}"
46,"—Ä—É—á–Ω–∞—è —Ä–∞–±–æ—Ç–∞ , –Ω–æ–≤—ã–µ , –æ—Ç–ª–∏—á–Ω–∞—è –∏–¥–µ—è –¥–ª—è –ø–æ–¥–∞—Ä–∫–∞üéÅ
–ø—á–µ–ª–∫–∞ 1990—Ä
–±–∞–ª–∞–∫–ª–∞–≤—ã 1299—Ä
–∏–≥—Ä—É—à–∫–∏ 1799 —Ä","{'platform': 'telegram', 'wall_id': 1525972822, 'post_id': 7281}"
47,"—Å—É–º–∫–∞ –±–µ–ª–∞—è –Ω–∞ –∫—Ä–∞—Å–Ω—ã—Ö –ø—Ä–æ—á–Ω—ã—Ö —Ä—É—á–∫–∞—Ö
–±/—É —Ä–∞–∑ 5, —Ö–æ—Ä–æ—à–µ–µ —Å–æ—Å—Ç–æ—è–Ω–∏–µ, –µ—Å—Ç—å –º–∏–Ω—É—Å:
-–ø—Ä–∏ —Ö—Ä–∞–Ω–µ–Ω–∏–∏ –æ–∫—Ä–∞—Å–∏–ª–∞—Å—å –æ –¥—Ä—É–≥—É—é —Å—É–º–∫—É, –ø–æ—è–≤–∏–ª–∏—Å—å —Ç–µ–º–Ω—ã–µ –ø—è—Ç–Ω–∞ –Ω–∞ –∑–∞–¥–Ω–µ–π —á–∞—Å—Ç–∏ (—É –º–µ–Ω—è –Ω–µ—Ç –±–µ–ª–æ–π –∫—Ä–∞—Å–∫–∏ –∑–∞–∫—Ä–∞—Å–∏—Ç—å)
–ø–∞—Ä–∞–º–µ—Ç—Ä—ã 32,5—Ö 23,5—Ö 14 —Å–º
–µ—Å—Ç—å –≤–Ω—É—Ç—Ä–µ–Ω–Ω–∏–π –∫–∞—Ä–º–∞–Ω

500—Ä
–ø–æ–ª–µ–∂–∞–µ–≤—Å–∫–∞—è / –∞–≤–∏—Ç–æ –¥–æ—Å—Ç–∞–≤–∫–∞","{'platform': 'telegram', 'wall_id': 1525972822, 'post_id': 7275}"
48,"–Ω–æ–≤—ã–µ –Ω–æ–≤–æ–≥–æ–¥–Ω–∏–µ –≥–æ–±–µ–ª–µ–Ω–æ–≤—ã–µ  —Å–∞–ª—Ñ–µ—Ç–∫–∏ –Ω–∞ —Å—Ç–æ–ª (—Ä–∞–∑–º–µ—Ä 45*32 —Å–º)+—à–∞–ø–∫–∞ –¥–µ–¥–∞ –º–æ—Ä–æ–∑–∞ –≤ –ø–æ–¥–∞—Ä–æ–∫ (–Ω–æ–≤–∞—è). –∑–∞ –≤—Å–µ 500 —Ä—É–±, –∑–∞–±–∏—Ä–∞—Ç—å –ø–æ –∞–¥—Ä–µ—Å—É —Å—É–¥–æ—Å—Ç—Ä–æ–∏—Ç–µ–ª—å–Ω–∞—è —É–ª–∏—Ü–∞ 10–∫2 (7 –º–∏–Ω—É—Ç –ø–µ—à–∫–æ–º –æ—Ç –º–µ—Ç—Ä–æ –∫–æ–ª–æ–º–µ–Ω—Å–∫–∞—è) –∏–ª–∏ –∞–≤–∏—Ç–æ –¥–æ—Å—Ç–∞–≤–∫–∞ (–ø–µ—Ä–≤—ã–µ —Ç—Ä–∏ –¥–æ—Å—Ç–∞–≤–∫–∏ —Å—Ç–æ—è—Ç 49 —Ä—É–±)","{'platform': 'telegram', 'wall_id': 1525972822, 'post_id': 7274}"
49,"—Å–∞—É–Ω–¥–±–∞—Ä —Å–∞–º—Å—É–Ω–≥ –∞650
–æ–¥–Ω–∞ –∏–∑ —Ç–æ–ø–æ–≤—ã—Ö –º–æ–¥–µ–ª–µ–π —Å —Ü–µ–Ω—Ç—Ä–∞–ª—å–Ω—ã–º –∫–∞–Ω–∞–ª–æ–º –¥–ª—è —á–µ—Ç–∫–æ—Å—Ç–∏ –¥–∏–∞–ª–æ–≥–æ–≤ –ø—Ä–∏ –ø—Ä–æ—Å–º–æ—Ç—Ä–µ —Ç–≤ –∏ —Ñ–∏–ª—å–º–æ–≤
–∫—É–ø–ª–µ–Ω 28 –Ω–æ—è–±—Ä—è 
—É—Å—Ç–∞–Ω–æ–≤–∏–ª –∏ –ø–æ–Ω—è–ª —á—Ç–æ –¥–ª—è —Ç–µ–∫—É—â–µ–π –∫–æ–º–Ω–∞—Ç—ã –æ–Ω –≤–µ–ª–∏–∫–æ–≤–∞—Ç –∏ –∏–∑–ª–∏—à–Ω–µ –º–æ—â–Ω—ã–π 
25 000 —Ä
–Ω–æ–≤—ã–µ 30-34","{'platform': 'telegram', 'wall_id': 1525972822, 'post_id': 7273}"
50,"–ª—é—Å—Ç—Ä–∞
–æ—Ç–ª–∏—á–Ω–æ–µ —Å–æ—Å—Ç–æ—è–Ω–∏–µ 
–Ω–µ –ø–æ–¥–æ—à–ª–∞ –∫ –∏–Ω—Ç–µ—Ä—å–µ—Ä—É

1 400 —Ä—É–±–ª–µ–π 
–º–∏—Ö–∞–π–ª–æ–≤–∞ 30–∞, –∫4, –ø–æ–¥.1","{'platform': 'telegram', 'wall_id': 1525972822, 'post_id': 7269}"
51,"–æ–¥–µ—è–ª–æ –≤ –æ—Ç–ª–∏—á–Ω–æ–º —Å–æ—Å—Ç–æ—è–Ω–∏–∏.
197 —Å–º —Ö 137 —Å–º.
=990 —Ä
–º–æ—Å–∫–≤–∞ (—Å—Ç—Ä–æ–≥–∏–Ω–æ) –∏–ª–∏ –ø–µ—Ä–µ—Å—ã–ª. 

* –µ—â–µ –µ—Å—Ç—å –ø–æ—Å—Ç–µ–ª—å–Ω–æ–µ –±–µ–ª—å–µ ikea (gaspa –∏ alvine stro –∏ –Ω–µ —Ç–æ–ª—å–∫–æ. —Å—Ä–æ—á–Ω–∞—è —Å–µ–º–µ–π–Ω–∞—è —Ä–∞—Å–ø—Ä–æ–¥–∞–∂–∞üëóüë†üëïüëñüíçüíÑüíäüìöü™ëüõãüì∫üìöüéæ...","{'platform': 'telegram', 'wall_id': 1525972822, 'post_id': 7266}"
52,"–∫–æ–Ω—Å–æ–ª—å xbox 360 –æ–¥–Ω–∞ –∏–∑ –ø–µ—Ä–≤—ã—Ö —Ä–µ–≤–∏–∑–∏–π –Ω–∞ –∑–∞–ø—á–∞—Å—Ç–∏, —Å–æ—Å—Ç–æ—è–Ω–∏–µ –≤–∏–¥–Ω–æ –Ω–∞ —Ñ–æ—Ç–æ. 
—Ç—Ä–∏ –∫—Ä–∞—Å–Ω—ã—Ö –æ–≥–Ω—è. 
–¥–∏—Å–∫–æ–≤–æ–¥ –µ—Å—Ç—å —Ä–∞–±–æ—Ç–∞–µ—Ç —Ö–æ—Ä–æ—à–æ (–æ—Ç–∫—Ä—ã–≤–∞–µ—Ç—Å—è/–∑–∞–∫—Ä—ã–≤–∞–µ—Ç—Å—è)
–ø—Ä–æ–¥–∞—ë—Ç—Å—è –ø—Ä–æ—Å—Ç–æ —Ç—É—à–∫–∞!
—Ü–µ–Ω–∞: 1800—Ä.","{'platform': 'telegram', 'wall_id': 1525972822, 'post_id': 7260}"
53,"–∏–Ω—Ç–µ—Ä—å–µ—Ä–Ω–∞—è –Ω–∞—Å—Ç–µ–Ω–Ω–∞—è –Ω–∞–≤–µ—Å–Ω–∞—è –ø–æ–ª–∫–∞-–≤–µ—à–∞–ª–∫–∞ —Å –∫—Ä—é—á–∫–∞–º–∏ –≤ –∫–ª–∞—Å—Å–∏—á–µ—Å–∫–æ–º —Å—Ç–∏–ª–µ.
–ø–æ–¥–æ–π–¥–µ—Ç –¥–ª—è –ª—é–±–æ–≥–æ –ø–æ–º–µ—â–µ–Ω–∏—è: –≤ –∫—É—Ö–Ω—é –¥–ª—è –ø–æ–ª–æ—Ç–µ–Ω–µ—Ü –∏ —Ç–ø, –¥–ª—è –æ–¥–µ–∂–¥—ã –≤ –ø—Ä–∏—Ö–æ–∂—É—é –≤ –∫–∞—á–µ—Å—Ç–≤–µ –≤–µ—à–∞–ª–∫–∏, –≤ –∫–æ–º–Ω–∞—Ç—É.
–∫–∞—á–µ—Ç—Å—Ç–≤–æ –Ω–∞ –≤—ã—Å–æ—Ç–µ.
–¥–ª–∏–Ω–∞ 45 —Å–º, –≤—ã—Å–æ—Ç–∞ 29 —Å–º.
—Å –∫—Ä–µ–ø–ª–µ–Ω–∏—è–º–∏ –¥–ª—è –º–æ–Ω—Ç–∞–∂–∞ –Ω–∞ —Å—Ç–µ–Ω—É.
–≤ –æ—Ç–ª–∏—á–Ω–æ–º —Å–æ—Å—Ç–æ—è–Ω–∏–∏.
=1500
–º–æ—Å–∫–≤–∞ (—Å—Ç—Ä–æ–≥–∏–Ω–æ) –∏–ª–∏ –ø–µ—Ä–µ—Å—ã–ª 

*¬† –µ—Å—Ç—å –µ—â–µ –º–Ω–æ–≥–æ –≤—Å–µ–≥–æ. —Å—Ä–æ—á–Ω–∞—è —Å–µ–º–µ–π–Ω–∞—è —Ä–∞—Å–ø—Ä–æ–¥–∞–∂–∞üëóüë†üëïüëñüíçüíÑüíäüìöü™ëüõãüì∫üìöüéæ...","{'platform': 'telegram', 'wall_id': 1525972822, 'post_id': 7259}"
54,"–ø—Ä–æ–¥–∞–º –Ω–æ—É—Ç–±—É–∫ hp-g7 1080er.17.3 –¥—é–π–º–∞ —ç–∫—Ä–∞–Ω, –∑–≤—É–∫ —Ö–æ—Ä–æ—à–∏–π, –ø—Ä–æ—Ü–µ—Å—Å–æ—Ä i3 2.5 –ø–æ—Ç–æ–∫–∞. –∫–æ—Ä–ø—É—Å —Ü–µ–ª—ã–π,–ø–µ—Ç–ª–∏ —Ç–æ–∂–µ,–µ—Å—Ç—å —Ü–∞—Ä–∞–ø–∏–Ω—ã .–ø–æ —Ä–∞–±–æ—Ç–µ –Ω–∞—Ä–µ–∫–∞–Ω–∏–π –Ω–µ—Ç—É.—Ç—è–Ω–µ—Ç –∫–∞–∫–∏–µ-—Ç–æ —Å—Ç–∞—Ä–µ–Ω—å–∫–∏–µ –∏–≥—Ä—ã, –º–æ–∂–Ω–æ —Å–º–æ—Ç—Ä–µ—Ç—å –∫–∏–Ω–æ, –±–æ–ª—å—à–µ –¥–ª—è —Ä–∞–±–æ—Ç—ã –∏—Å–ø–æ–ª—å–∑–æ–≤–∞–ª—Å—è.–ø—ã–ª–∏ –Ω–µ—Ç, —Ç–µ—Ä–º–æ –ø–∞—Å—Ç–∞ –∑–∞–º–µ–Ω–µ–Ω–∞.1 –º–∏–Ω—É—Å- –∞–∫–∫—É–º—É–ª—è—Ç–æ—Ä –ø–ª–æ—Ö–æ–π. –º–æ–≥—É –æ—Ç–ø—Ä–∞–≤–∏—Ç—å –ø–æ—á—Ç–æ–π. –≤ —Ä–µ–º–æ–Ω—Ç–µ –Ω–µ –±—ã–ª.–≤—Å–µ –≤–æ–ø—Ä–æ—Å—ã –≤ –ª—Å
—Ü–µ–Ω–∞:9800","{'platform': 'telegram', 'wall_id': 1525972822, 'post_id': 7256}"
55,"–ø–æ—Å—Ç–µ–ª—å–Ω–æ–µ –±–µ–ª—å–µ ikea. –∫–∞—á–µ—Å—Ç–≤–æüî• –ø—Ä–∏–æ–±—Ä–µ—Ç–∞–ª–æ—Å—å –∫–∞–∫ –≥–æ—Å—Ç–µ–≤–æ–µ –∏ –∏—Å–ø–æ–ª—å–∑–æ–≤–∞–ª–æ—Å—å –ø–æ 1 —Ä–∞–∑—É, –≤ –∏–¥–µ–∞–ª—å–Ω–æ–º —Å–æ—Å—Ç–æ—è–Ω–∏–∏. 

gaspa (–≥—ç—Å–ø–∞) –∏–∑ –ø—Ä–µ–º–∏–∞–ª—å–Ω–æ–≥–æ –º—è–≥–∫–æ–≥–æ –∏ –ø—Ä–∏—è—Ç–Ω–æ–≥–æ –Ω–∞ –æ—â—É–ø—å —Ö–ª–æ–ø—á–∞—Ç–æ–±—É–º–∞–∂–Ω–æ–≥–æ —Å–∞—Ç–∏–Ω–∞ —Å –±–ª–µ—Å–∫–æ–º –≤ —Å—Ç–∏–ª—å–Ω–æ–º —Ç–µ–º–Ω–æ-—Å–µ—Ä–æ–º —Å—Ç–∞–ª—å–Ω–æ–º —Ü–≤–µ—Ç–µ:
- –ø–æ–¥–æ–¥–µ—è–ª—å–Ω–∏–∫ —Å –ø–æ—Ç–∞–π–Ω–æ–π –∑–∞—Å—Ç–µ–∂–∫–æ–π 200 —Ö 200 —Å–º, 1 —à—Ç. =3500 —Ä;
- –Ω–∞–≤–æ–ª–æ—á–∫–∏ 50 —Ö 70 —Å–º, 2 —à—Ç = –ø–æ 499 —Ä –∑–∞ 1 —à—Ç. 

gaspa (–≥—ç—Å–ø–∞) –∏–∑ –ø—Ä–µ–º–∏–∞–ª—å–Ω–æ–≥–æ –º—è–≥–∫–æ–≥–æ –∏ –ø—Ä–∏—è—Ç–Ω–æ–≥–æ –Ω–∞ –æ—â—É–ø—å —Ö–ª–æ–ø—á–∞—Ç–æ–±—É–º–∞–∂–Ω–æ–≥–æ —Å–∞—Ç–∏–Ω–∞ —Å –±–ª–µ—Å–∫–æ–º –≤ –±–ª–∞–≥–æ—Ä–æ–¥–Ω–æ–º –∫–æ—Ä–∏—á–Ω–µ–≤–æ–º —Ü–≤–µ—Ç–µ:
- –Ω–∞—Ç—è–∂–Ω–∞—è –ø—Ä–æ—Å—Ç—ã–Ω—è –Ω–∞ —Ä–µ–∑–∏–Ω–∫–µ 90 —Ö 200 —Å–º, 1 —à—Ç. = 1500 —Ä;
- –ø—Ä–æ—Å—Ç—ã–Ω—è 150 —Ö 260 —Å–º, 1 —à—Ç. = 1500 —Ä. 

–∫–æ–º–ø–ª–µ–∫—Ç alvene stra (–∞–ª—å–≤–∏–Ω–µ —Å—Ç—Ä–æ) –∏–∑ –≥–ª–∞–¥–∫–æ–≥–æ, –º—è–≥–∫–æ–≥–æ –∏ –ø—Ä–∏—è—Ç–Ω–æ–≥–æ –Ω–∞ –æ—â—É–ø—å —á–µ—Å–∞–Ω–æ–≥–æ —Ö–ª–æ–ø–∫–∞ —Å –¥–µ–∫–æ—Ä–∞—Ç–∏–≤–Ω–æ–π –ø—Ä–æ—Å—Ç—Ä–æ—á–∫–æ–π –≤ –∫—Ä–∞—Å–∏–≤–æ–º —à–æ–∫–æ–ª–∞–¥–Ω–æ–º —Ü–≤–µ—Ç–µ:
- –ø–æ–¥–æ–¥–µ—è–ª—å–Ω–∏–∫ —Å –ø–æ—Ç–∞–π–Ω–æ–π –∑–∞—Å—Ç–µ–∂–∫–æ–π 150 —Ö 200 —Å–º, 1 —à—Ç. =1990 —Ä;
- –Ω–∞–≤–æ–ª–æ—á–∫–∞ 50 —Ö 70 —Å–º, 1 —à—Ç. = 499 —Ä. 

–º–æ—Å–∫–≤–∞ (—Å—Ç—Ä–æ–≥–∏–Ω–æ) –∏–ª–∏ –ø–µ—Ä–µ—Å—ã–ª.
* –µ—â–µ –µ—Å—Ç—å –æ–¥–µ—è–ª–æ –∏ –º–Ω–æ–≥–æ –≤—Å–µ–≥–æ –¥—Ä—É–≥–æ–≥–æ. —Å—Ä–æ—á–Ω–∞—è —Å–µ–º–µ–π–Ω–∞—è —Ä–∞—Å–ø—Ä–æ–¥–∞–∂–∞üëóüë†üëïüëñüíçüíÑüíäüìöü™ëüõãüì∫üìöüéæ...","{'platform': 'telegram', 'wall_id': 1525972822, 'post_id': 7251}"
56,–ø—Ä–æ–¥–∞–º –∫–æ–∫–æ–Ω—ã 2-–º–µ—Å—Ç–Ω—ã–µ –¥–æ 400–∫–≥ (15—Ç—ã—Å),"{'platform': 'telegram', 'wall_id': 1525972822, 'post_id': 7249}"
57,"–¥—Ä—É–∑—å—è. –ø—Ä–æ–¥–∞—é –Ω–æ–≤—ã–π –æ—Ä–∏–≥–∏–Ω–∞–ª—å–Ω—ã–π —Ä—é–∫–∑–∞–∫ guess —Å –±–∏—Ä–∫–æ–π –≤ —É–ø–∞–∫–æ–≤–∫–µ. 
—Ä–∞–∑–º–µ—Ä: 30/40/12
—Ü–µ–Ω–∞: 9890","{'platform': 'telegram', 'wall_id': 1525972822, 'post_id': 7241}"
58,—Å–∞–∂–µ–Ω—Ü—ã –º–∞–ª–∏–Ω—ã –ª–µ—Ç–Ω–µ–π –∏ —Ä–µ–º–æ–Ω—Ç–∞–Ω—Ç–Ω—ã–π 250 —Ä—É–±–ª–µ–π. 89067356444,"{'platform': 'telegram', 'wall_id': 1525972822, 'post_id': 7240}"
59,"—Å–æ–ª–Ω—Ü–µ–∑–∞—â–∏—Ç–Ω—ã–µ –æ—á–∫–∏ —Ä–æ–∑–æ–≤—ã–µ

–Ω–æ–≤—ã–µ! –æ—á–µ–Ω—å –∫—Ä–∞—Å–∏–≤—ã–µ –∏ –∫–∞—á–µ—Å—Ç–≤–µ–Ω–Ω—ã–µ üòª
–∫—É–ø–ª–µ–Ω—ã –Ω–µ–¥–∞–≤–Ω–æ (–≤ 2022–≥), —É–ø–∞–∫–æ–≤–∫–∞ –∏ –Ω–∞–∫–ª–µ–π–∫–∞ —Å–æ—Ö—Ä–∞–Ω–µ–Ω–∞
–º–µ—Ç–∞–ª–ª–∏—á–µ—Å–∫–∏–µ –¥—É–∂–∫–∏ –≤ —Ñ–æ—Ä–º–µ —Ü–µ–ø–∏

1000—Ä","{'platform': 'telegram', 'wall_id': 1525972822, 'post_id': 7231}"
60,"–ø—Ä–æ–¥–∞—é –Ω–æ–≤–æ–≥–æ–¥–Ω—é—é —ë–ª–æ—á–∫—É, 26 —Å–º, –ø–æ–ª–Ω–æ—Å—Ç—å—é —Ä—É—á–Ω–∞—è —Ä–∞–±–æ—Ç–∞
1200 —Ä","{'platform': 'telegram', 'wall_id': 1525972822, 'post_id': 7227}"
61,"–ø—Ä–æ–¥–∞—é —Ü–≤–µ—Ç–æ–∫ –∂–µ–Ω—Å–∫–æ–µ —Å—á–∞—Å—Ç—å–µ/—Å–ø–∞—Ç–∏—Ñ–∏–ª–ª—É–º.
–æ—á–µ–Ω—å –ø—É—à–∏—Å—Ç—ã–π, –∫—É—Å—Ç–∏—Å—Ç—ã–π. 
—Ü–µ–Ω–∞: 550—Ä.

–µ—Å—Ç—å —Ä–∞–∑–Ω—ã—Ö —Ä–∞–∑–º–µ—Ä–æ–≤ —Å–ø–∞—Ç–∏—Ñ–∏–ª–ª—É–º—ã, –æ—Ç—Ä–æ—Å—Ç–∫–∏ –ø—Ä–∏–∂–∏–≤—à–∏–µ—Å—è –æ—Ç 100—Ä. –¥–æ 550—Ä.
–ø–∏—à–∏—Ç–µ —Ñ–æ—Ç–æ –≤—ã—à–ª—é.","{'platform': 'telegram', 'wall_id': 1525972822, 'post_id': 7221}"
62,"–¥–æ–±—Ä—ã–π –¥–µ–Ω—å.
–ø—Ä–æ–¥–∞—é –∞–π—Ñ–æ–Ω xr 64gb
—Ç–µ–ª–µ—Ñ–æ–Ω –≤ —Ö–æ—Ä–æ—à–µ–º —Å–æ—Å—Ç–æ—è–Ω–∏—è –∏—Å–ø–æ–ª—å–∑–æ–≤–∞–ª—Å—è 2 –≥–æ–¥–∞ . –ø—Ä–æ–¥–∞—é , –ø–æ –ø—Ä–∏—á–∏–Ω–µ –ø–æ–∫—É–ø–∫–µ –Ω–æ–≤–æ–π –º–æ–¥–µ–ª–∏ . —Å–æ—Å—Ç–æ—è–Ω–∏—è 10/10 . –≤–æ–∑–Ω–∏–∫–Ω—É—Ç –≤–æ–ø—Ä–æ—Å—ã –∂–¥—É –≤ –ª–∏—á–Ω—ã–µ —Å–æ–æ–±—â–µ–Ω–∏—è
–æ–±–æ—Å–Ω–æ–≤–∞–Ω–Ω—ã–π —Ç–æ—Ä–≥
—Ü–µ–Ω–∞ 14.500","{'platform': 'telegram', 'wall_id': 1525972822, 'post_id': 7217}"
63,"—Å—É–º–∫–∞ —Å–∏–Ω—è—è –ø–æ–¥ –∑–º–µ—é —Å —Ü–µ–ø—å—é stella mccartney 25—Ö21—Ö11—Å–º

–æ—á–µ–Ω—å –∫—Ä–∞—Å–∏–≤–∞—è, —É–¥–æ–±–Ω–∞—è –∏ –≤–º–µ—Å—Ç–∏—Ç–µ–ª—å–Ω–∞—è üîù
–±/—É 2 –≤—ã—Ö–æ–¥–∞
—Ä–∞–∑–≥—Ä–µ–±–∞—é –≥–∞—Ä–¥–µ—Ä–æ–± ü´∂üèº

1500—Ä
–ø–æ–ª–µ–∂–∞–µ–≤—Å–∫–∞—è / –∞–≤–∏—Ç–æ –¥–æ—Å—Ç–∞–≤–∫–∞","{'platform': 'telegram', 'wall_id': 1525972822, 'post_id': 7214}"
64,"—Ç–æ—Ä–≥, —Ç–æ–≤–∞—Ä –≤ –æ—Ç–ª–∏—á–Ω–æ–º —Å–æ—Å—Ç–æ—è–Ω–∏–∏ - —Ä–µ–±–µ–Ω–∫—É –Ω–µ –ø–æ–Ω–∞–¥–æ–±–∏–ª—Å—è. –∏—Å–ø–æ–ª—å–∑–æ–≤–∞–ª—Å—è —Ä–∞–∑ 10 –º–∞–∫—Å–∏–º—É–º. –∫–æ—Ä–æ–±–∫–∏ –Ω–µ—Ç - –≤—ã–∫–∏–Ω—É–ª–∏ + –≤ –ø–æ–¥–∞—Ä–æ–∫ –≤–∫–ª–∞–¥—ã—à –¥–ª—è –Ω–æ–≤–æ—Ä–æ–∂–¥—ë–Ω–Ω—ã—Ö, –≤—Å—Ç—Ä–µ—á–∞ –º–µ—Ç—Ä–æ –∫–æ—Ç–µ–ª—å–Ω–∏–∫–∏ –∏–ª–∏ –º–æ —Ä–∞–º–µ–Ω—Å–∫–∏–π —Ä–∞–π–æ–Ω (18.000—Ä)","{'platform': 'telegram', 'wall_id': 1525972822, 'post_id': 7213}"
65,"–Ω–æ–≤—ã–µ 
–ø–æ 400","{'platform': 'telegram', 'wall_id': 1525972822, 'post_id': 7208}"
66,–≤–∏–¥–µ–æ–∫–∞—Ä—Ç–∞ palit 3080ti –Ω–∞ 12 gb —Ü–µ–Ω–∞ 35 000. –Ω—É–∂–Ω–æ –¥–ª—è —Å–±–æ—Ä–∫–∏ –Ω–æ–≤–æ–≥–æ –ø–∫. —Ç–µ—Ä—Ä–∏—Ç–æ—Ä–∏–∞–ª—å–Ω–æ –Ω–∞—Ö–æ–∂—É—Å—å –≤ –≤–æ–ª–≥–æ–≥—Ä–∞–¥–µ,"{'platform': 'telegram', 'wall_id': 1525972822, 'post_id': 7206}"
67,"–ø—Ä–æ–¥–∞–º —Å—É–º–∫—É, —Ö–æ—Ä–æ—à–∞—è –ª—é–∫—Å –∫–æ–ø–∏—è. 4000—Ä. 89295616822","{'platform': 'telegram', 'wall_id': 1525972822, 'post_id': 7202}"
68,–ø–æ 400 —Ä—É–±–ª–µ–π . –Ω–æ–≤—ã–µ,"{'platform': 'telegram', 'wall_id': 1525972822, 'post_id': 7197}"
69,"–Ω–æ–≤–æ–≥–æ–¥–Ω—è—è —ë–ª–æ—á–∫–∞, —Ä—É—á–Ω–∞—è —Ä–∞–±–æ—Ç–∞, 25 —Å–º
1500 —Ä.","{'platform': 'telegram', 'wall_id': 1525972822, 'post_id': 7191}"
70,"—Å–æ–≤–µ—Ç—Å–∫–∏–µ –µ–ª–æ—á–Ω—ã–µ –∏–≥—Ä—É—à–∫–∏, –≤ —Ç—á –Ω–∞ –ø—Ä–∏—â–µ–ø–∫–∞—Ö –∏ –Ω–∞–∫–ª–µ–π–∫–∞ –Ω–∞ —Å—Ç–µ–∫–ª–æ.
=–æ—Ç 100—Ä
–º–æ—Å–∫–≤–∞ (—Å—Ç—Ä–æ–≥–∏–Ω–æ) –∏–ª–∏ –ø–µ—Ä–µ—Å—ã–ª

*¬† –µ—Å—Ç—å –µ—â–µ –º–Ω–æ–≥–æ –≤—Å–µ–≥–æ. —Å—Ä–æ—á–Ω–∞—è —Å–µ–º–µ–π–Ω–∞—è —Ä–∞—Å–ø—Ä–æ–¥–∞–∂–∞üëóüë†üëïüëñüíçüíÑüíäüìöü™ëüõãüì∫üìöüéæ...","{'platform': 'telegram', 'wall_id': 1525972822, 'post_id': 7190}"
71,"–Ω–æ–≤–∞—è –∂–µ–ª—Ç–∞—è –º–∞–ª–µ–Ω—å–∫–∞—è —Å—É–º–∫–∞ –Ω–∞ —Ü–µ–ø–æ—á–∫–µ –∫—Ä–æ—Å—Å–±–æ–¥–∏

–Ω–µ –±—É, –Ω–æ –µ—Å—Ç—å –º–∏–Ω—É—Å
-–º–µ—Ç–∞–ª–ª –æ–∫–∏—Å–ª–∏–ª—Å—è –∑–∞ –Ω–µ—Å–∫–æ–ª—å–∫–æ –ª–µ—Ç –Ω–∞ –∑–∞—Å—Ç–µ–∂–∫–µ
–ø–∞—Ä–∞–º–µ—Ç—Ä—ã:
–¥–ª–∏–Ω–∞ —Å–≤–µ—Ä—Ö—É 14,5 —Å–º
—Ü–µ–ø—å –¥–æ–±—Ä–æ—Ç–Ω–∞—è, —Ç—è–∂–µ–ª–∞—è –Ω–∞ –ø–ª–µ—á–æ –∏–ª–∏ —á–µ—Ä–µ–∑ –ø–ª–µ—á–æ - 122 —Å–º

–ø—Ä–æ–¥–∞—é, —Ç–∞–∫ –∫–∞–∫ –∞–π—Ñ–æ–Ω 12–ø—Ä–æ —Å —á–µ—Ö–ª–æ–º –ø—Ä–æ–ª–∞–∑–∏—Ç —Å —Ç—Ä—É–¥–æ–º ü•π

400—Ä
–ø–æ–ª–µ–∂–∞–µ–≤—Å–∫–∞—è / –∞–≤–∏—Ç–æ –¥–æ—Å—Ç–∞–≤–∫–∞","{'platform': 'telegram', 'wall_id': 1525972822, 'post_id': 7183}"
72,"#–ø—Ä–æ–¥–∞—é –ø—Ä–∞–∫—Ç–∏—á–µ—Å–∫–∏ –Ω–æ–≤—ã–π –¥–∏–≤–∞–Ω –º–æ—Ä—Ñ–µ–π-2 –º–∏–Ω–∏
–º–µ–±–µ–ª—å–Ω–∞—è —Ñ–∞–±—Ä–∏–∫–∞ –º–∞–Ω—É—Ñ–∞–∫—Ç—É—Ä–∞ —É—é—Ç–∞ 
—Å–æ—Å—Ç–æ—è–Ω–∏–µ –¥–∏–≤–∞–Ω–∞ –∏–¥–µ–∞–ª—å–Ω–æ–µ
—Ä–∞–∑–º–µ—Ä —à232√ó–≥100√ó–≤95 
—Å–ø–∞–ª—å–Ω–æ–µ –º–µ—Å—Ç–æ 100√ó200
–º–µ—Ö–∞–Ω–∏–∑–º –≤—ã–∫–∞—Ç–Ω–æ–π
–±–ª–æ–∫ –Ω–µ–∑–∞–≤–∏—Å–∏–º—ã—Ö –ø—Ä—É–∂–∏–Ω —Ñ–∏—Ä–º–µ–Ω–Ω—ã–π –º–∞—Ç—Ä–∞—Å 
""–º–∞–Ω—É—Ñ–∞–∫—Ç—É—Ä–∞ —É—é—Ç–∞""
—Ç–∫–∞–Ω—å arben opera –±–∞—Ä—Ö–∞—Ç –≤–µ–ª—é—Ä
–ø–æ–¥—ä—ë–º–Ω—ã–π –º–µ—Ö–∞–Ω–∏–∑–º –≥–∏–¥—Ä–∞–≤–ª–∏—á–µ—Å–∫–∏–π
–ø–æ–¥–ª–æ–∫–æ—Ç–Ω–∏–∫–∏ —Å —è—â–∏–∫–∞–º–∏ 
–ø–æ–¥—É—à–∫–∏ –Ω–∞ –ø–æ–¥—ä–µ–º–Ω—ã—Ö –æ–ø–æ—Ä–∞—Ö 
—è—â–∏–∫ –¥–ª—è –±–µ–ª—å—è –±–æ–ª—å—à–æ–π —Å –≤–µ–Ω—Ç–∏–ª—è—Ü–∏–µ–π
–Ω–æ–≤—ã–π –¥–∏–≤–∞–Ω –ø—Ä–æ–¥–∞—ë—Ç—Å—è –∑–∞ 156—Ç—Ä. 
—è –æ—Ç–¥–∞—é –∑–∞ 50—Ç—Ä. 
—Å—Å—ã–ª–∫–∞ –Ω–∞ –≤–∏–¥–µ–æ –æ –¥–∏–≤–∞–Ω–µ:","{'platform': 'telegram', 'wall_id': 1525972822, 'post_id': 7182}"
73,"–±–∞–ª–∞–∫–ª–∞–≤—ã —Ä—É—á–Ω–æ–π —Ä–∞–±–æ—Ç—ã , –Ω–æ–≤—ã–µ . —Ü–µ–Ω–∞ 1299—Ä","{'platform': 'telegram', 'wall_id': 1525972822, 'post_id': 7176}"
74,"–Ω–æ–≤–æ–≥–æ–¥–Ω–∏–π –≥–Ω–æ–º–∏–∫ , –æ—Ç–ª–∏—á–Ω–∞—è –∏–¥–µ—è –¥–ª—è –ø–æ–¥–∞—Ä–∫–∞ üéÅ –º–æ–∂–Ω–æ –∏—Å–ø–æ–ª—å–∑–æ–≤–∞—Ç—å –∫–∞–∫ –¥–µ–∫–æ—Ä –∏–ª–∏ –∏–≥—Ä–∞—Ç—å . –Ω–æ–≤—ã–π , —Ä—É—á–Ω–∞—è —Ä–∞–±–æ—Ç–∞ . —Ü–µ–Ω–∞ 1799—Ä","{'platform': 'telegram', 'wall_id': 1525972822, 'post_id': 7171}"
75,"—à–≤–µ–¥—Å–∫–∞—è —Å—Ç–µ–Ω–∫–∞ (+–∫–æ–ª—å—Ü–∞, –∫–∞–Ω–∞—Ç,–∫–∞—á–µ–ª–∏) –≤ –∏–¥–µ–∞–ª—å–Ω–æ–º —Å–æ—Å—Ç–æ—è–Ω–∏–∏, –≤–ø–∏—à–µ—Ç—Å—è –≤ –ª—é–±–æ–π –∏–Ω—Ç–µ—Ä—å–µ—Ä. —Ü–µ–Ω–∞ 4000 —Ä—É–±.","{'platform': 'telegram', 'wall_id': 1525972822, 'post_id': 7167}"
76,"–¥–æ–±—Ä—ã–π –≤–µ—á–µ—Ä)
–ø—Ä–æ–¥–∞—é –∞–π—Ñ–æ–Ω x –≤ –æ—Ç–ª–∏—á–Ω–æ–º —Å–æ—Å—Ç–æ—è–Ω–∏–∏, –ø–æ –±–æ–∫–∞–º –Ω–µ–±–æ–ª—å—à–∏–µ —Ü–∞—Ä–∞–ø–∏–Ω—ã –µ—Å—Ç—å, –∞ —Ç–∞–∫ –≤—Å–µ –æ—Ç–ª–∏—á–Ω–æ —Ä–∞–±–æ—Ç–∞–µ—Ç üëçüèº
–ø—Ä–æ–¥–∞—é —Å—Ä–æ—á–Ω–æ , —Ü–µ–Ω–∞ –±–µ–∑ —Ç–æ—Ä–≥–∞ 13500‚ÇΩ","{'platform': 'telegram', 'wall_id': 1525972822, 'post_id': 7163}"
77,350‚ÇΩ –≤ –æ—Ç–ª–∏—á–Ω–æ–º —Å–æ—Å—Ç–æ—è–Ω–∏–∏.,"{'platform': 'telegram', 'wall_id': 1525972822, 'post_id': 7162}"
78,"—Ä—é–∫–∑–∞–∫ –∂–µ–Ω—Å–∫–∏–π. —É–¥–æ–±–Ω—ã–π –∏ –≤–º–µ—Å—Ç–∏—Ç–µ–ª—å–Ω—ã–π. –≤–Ω—É—Ç—Ä–∏ —Ç–æ–∂–µ –µ—Å—Ç—å –∫–∞—Ä–º–∞—à–µ–∫. 
—Ü–µ–Ω–∞ 2000 —Ä—É–±.","{'platform': 'telegram', 'wall_id': 1525972822, 'post_id': 7159}"
79,"—Å—Ç—É–ª—å—á–∏–∫ –¥–ª—è –∫–æ—Ä–º–ª–µ–Ω–∏—è chicco polly magic 0+  
4000‚ÇΩ","{'platform': 'telegram', 'wall_id': 1525972822, 'post_id': 7154}"
80,byredo bal d‚Äôafrique - 6000—Ä,"{'platform': 'telegram', 'wall_id': 1525972822, 'post_id': 7152}"
81,"tiffany&co - 6000—Ä
my way - 5000—Ä","{'platform': 'telegram', 'wall_id': 1525972822, 'post_id': 7151}"
82,"–º–æ–ª–µ–∫—É–ª–∞

—Ü–µ–Ω–∞ 5500—Ä","{'platform': 'telegram', 'wall_id': 1525972822, 'post_id': 7150}"
83,"tom ford 

—Ü–µ–Ω–∞ 6000—Ä","{'platform': 'telegram', 'wall_id': 1525972822, 'post_id': 7149}"
84,"chanel allure home

—Ü–µ–Ω–∞ 5000—Ä","{'platform': 'telegram', 'wall_id': 1525972822, 'post_id': 7148}"
85,"bleu de chanel 

—Ü–µ–Ω–∞ 5000—Ä","{'platform': 'telegram', 'wall_id': 1525972822, 'post_id': 7147}"
86,"chanel chance 

—Ü–µ–Ω–∞: 5000—Ä","{'platform': 'telegram', 'wall_id': 1525972822, 'post_id': 7146}"
87,"black opium 

—É–ø–∞–∫–æ–≤–∫–∞ –≤—Å–∫—Ä—ã—Ç–∞, –Ω–æ –æ–Ω–∏ –Ω–æ–≤—ã–µ!!

—Ü–µ–Ω–∞ 5000","{'platform': 'telegram', 'wall_id': 1525972822, 'post_id': 7144}"
88,"dior sauvage 
–æ–Ω–∏ –Ω–æ–≤—ã–µ!!!

—Ü–µ–Ω–∞ 5000—Ä","{'platform': 'telegram', 'wall_id': 1525972822, 'post_id': 7143}"
89,"üî•–ø—Ä–æ–¥–∞–º —Ä–µ–º–µ–Ω—å dsquared¬≤üî•, —Ä–æ–¥–Ω–æ–π, –∏—Ç–∞–ª–∏—è, –∫–æ–∂–∞, —Ä–∞–∑–º–µ—Ä –º, –ø–æ –¥–ª–∏–Ω–µ 78 —Å–º, –Ω–æ –∑–∞ —Å—á—ë—Ç –¥–µ—Ç–∞–ª–µ–π –¥–ª–∏–Ω–∞ —É–≤–µ–ª–∏—á–∏–≤–∞–µ—Ç—Å—è, –¥–µ—Ç–∞–ª–∏ –æ—Ç—Å–æ–µ–¥–∏–Ω—è—é—Ç—Å—è.—Ä–µ–º–µ–Ω—å –≤ –∏–¥–µ–∞–ª—å–Ω–æ–º —Å–æ—Å—Ç–æ—è–Ω–∏–∏,—Ñ—É—Ä–Ω–∏—Ç—É—Ä–∞ –≤—Å—è –Ω–∞ –º–µ—Å—Ç–µ, –æ—á–µ–Ω—å –∫—Ä—É—Ç–æ–π, —Å—Ç–∏–ª—å–Ω—ã–π. –Ω–æ–≤—ã–π —Å—Ç–æ–∏—Ç –æ—Ç 30.000—Ä –∏ –≤—ã—à–µ.
üå∫—Ü–µ–Ω–∞ –≤—Å–µ–≥–æ - 2500—Ä
–ø–∏—à–∏—Ç–µ,–ø–æ–∂–∞–ª—É–π—Å—Ç–∞,–≤ –ª–∏—á–∫—É.
–ø–µ—Ä–µ—Å—ã–ª –≤ –ª—é–±–æ–π –≥–æ—Ä–æ–¥.","{'platform': 'telegram', 'wall_id': 1525972822, 'post_id': 7135}"
90,"–ø–æ–¥–≤–µ—Å–∫–∏ —Å–µ—Ä–µ–±—Ä—è–Ω—ã–µ —Ä–æ–∑–∞ —Å —Ñ–∏–∞–Ω–∏—Ç–æ–º –∏ —É–∑–æ—Ä.
–ø—Ä–æ–∏–∑–≤–æ–¥—Å—Ç–≤–æ: —Ä–æ—Å—Å–∏—è. 
–º–∞—Ç–µ—Ä–∏–∞–ª: —Å–µ—Ä–µ–±—Ä–æ, –ø—Ä–æ–±–∞ 925, —Ñ–∏–∞–Ω–∏—Ç.
—Ä–∞–∑–º–µ—Ä—ã:
1. —Ä–æ–∑–∞ —Å —Ñ–∏–∞–Ω–∏—Ç–æ–º - 9*10 –º–º.
2. —É–∑–æ—Ä - 5*10 –º–º.
–Ω–æ–≤—ã–µ, –≤ —É–ø–∞–∫–æ–≤–∫–µ, –≤ –æ—Ç–ª–∏—á–Ω–æ–º —Å–æ—Å—Ç–æ—è–Ω–∏–∏.
–≤ –Ω–∞–ª–∏—á–∏–∏ –Ω–µ—Å–∫–æ–ª—å–∫–æ —ç–∫–∑–µ–º–ø–ª—è—Ä–æ–≤.
—Ü–µ–Ω–∞ –∑–∞ 1 —à—Ç. 500 —Ä—É–±.","{'platform': 'telegram', 'wall_id': 1525972822, 'post_id': 7130}"
91,"""—á—Ç–æ–±—ã —Ç—ã –æ—Å—Ç–∞–ª—Å—è –µ–≤—Ä–µ–µ–º"".
—É–¥–∏–≤–∏—Ç–µ–ª—å–Ω–∞—è –∂–∏–∑–Ω—å —Å–≤—è—Ç–æ–≥–æ —á–µ–ª–æ–≤–µ–∫–∞ —Ä–∞–≤–∞ –∏—Ü—Ö–∞–∫–∞ –∑–∏–ª—å–±–µ—Ä–∞ –≤–æ –≤—Ä–µ–º—è –Ω–∞—à–µ–π –Ω–µ–¥–∞–≤–Ω–µ–π –∏—Å—Ç–æ—Ä–∏–∏. –≤—Å—è —Å–∏—Å—Ç–µ–º–∞ –æ–±–µ—Ä–Ω—É–ª–∞—Å—å –ø—Ä–æ—Ç–∏–≤ –Ω–µ–≥–æ ‚Äì –æ–Ω –±–µ–∂–∞–ª, –æ–Ω —Å–∏–¥–µ–ª, –æ–Ω —Å—Ç—Ä–∞–¥–∞–ª, –Ω–æ –≤—Å–µ–≥–¥–∞ –∏ –≤–µ–∑–¥–µ –æ–Ω –æ—Å—Ç–∞–≤–∞–ª—Å—è –≤–µ—Ä–µ–Ω —Å–µ–±–µ, —Å–≤–æ–µ–π —Ç—Ä–∞–¥–∏—Ü–∏–∏, —Å–≤–æ–µ–º—É –±-–≥—É, —Å–ª–µ–¥—É—è –∑–∞–≤–µ—Ç—É —Å–≤–æ–µ–≥–æ –æ—Ç—Ü–∞: ¬´—á—Ç–æ–±—ã —Ç—ã –æ—Å—Ç–∞–ª—Å—è –µ–≤—Ä–µ–µ–º, —Å–æ–±–ª—é–¥–∞—é—â–∏–º —Ç–æ—Ä—É!¬ª. –≤ —Å–∞–º—ã—Ö —Ç—è–∂—ë–ª—ã—Ö –∂–∏–∑–Ω–µ–Ω–Ω—ã—Ö —Å–∏—Ç—É–∞—Ü–∏—è—Ö –æ–Ω –Ω–µ —Ç–æ–ª—å–∫–æ —Å–æ—Ö—Ä–∞–Ω—è–ª –æ–ø—Ç–∏–º–∏–∑–º –∏ —É–º—É–¥—Ä—è–ª—Å—è –∑–∞—Ä—è–∂–∞—Ç—å –∏–º –¥—Ä—É–≥–∏—Ö, –Ω–æ –∏ –≥–æ—Ç–æ–≤ –±—ã–ª –ø—Ä–æ—Ç—è–Ω—É—Ç—å —Ä—É–∫—É –ø–æ–º–æ—â–∏ –±–ª–∏–∂–Ω–µ–º—É –∏ –ø–æ–¥–µ–ª–∏—Ç—å—Å—è –ø–æ—Å–ª–µ–¥–Ω–∏–º, —á—Ç–æ —É –Ω–µ–≥–æ –±—ã–ª–æ. 
—É–∂–µ –≤ –∏–∑—Ä–∞–∏–ª–µ —Ä–∞–≤ –∏—Ü—Ö–∞–∫ –∑–∏–ª—å–±–µ—Ä —Å—Ç–∞–ª –ø—Ä–∏–∑–Ω–∞–Ω–Ω—ã–º –ª–∏–¥–µ—Ä–æ–º —Ä—É—Å—Å–∫–æ—è–∑—ã—á–Ω–æ–≥–æ –µ–≤—Ä–µ–π—Å—Ç–≤–∞, –ø—Ä–µ–ø–æ–¥–∞–≤–∞—è —Ç–æ—Ä—É, –≤–æ–æ–¥—É—à–µ–≤–ª—è—è –∏ –º–æ—Ç–∏–≤–∏—Ä—É—è –ª—é–¥–µ–π –≤–æ–∑–≤—Ä–∞—â–∞—Ç—å—Å—è –∫ —Å–≤–æ–∏–º –∫–æ—Ä–Ω—è–º, –ø–æ–º–æ–≥–∞—è –Ω–µ—Å—á—ë—Ç–Ω–æ–º—É –∫–æ–ª–∏—á–µ—Å—Ç–≤—É –Ω—É–∂–¥–∞—é—â–∏—Ö—Å—è. –µ–≥–æ –º–Ω–æ–≥–æ—á–∏—Å–ª–µ–Ω–Ω—ã–µ —É—á–µ–Ω–∏–∫–∏ —Å–µ–≥–æ–¥–Ω—è —è–≤–ª—è—é—Ç—Å—è –ª–∏–¥–µ—Ä–∞–º–∏ –µ–≤—Ä–µ–π—Å–∫–∏—Ö –æ–±—â–∏–Ω –∏ –æ—Ä–≥–∞–Ω–∏–∑–∞—Ü–∏–π –ø–æ –≤—Å–µ–º—É –º–∏—Ä—É, –ø–æ–º–æ–≥–∞—è –ª—é–¥—è–º –æ—Å—Ç–∞–≤–∞—Ç—å—Å—è –µ–≤—Ä–µ—è–º–∏.
—Ü–µ–Ω–∞ 1500 —Ä—É–±.","{'platform': 'telegram', 'wall_id': 1525972822, 'post_id': 7129}"
92,"1. –∫–ª–∞—Ç—á –ª–∞–∫–æ–≤—ã–π.
–ø—Ä–æ–∏–∑–≤–æ–¥—Å—Ç–≤–æ: —Å—Å—Å—Ä, 70-80 –≥–≥.
–º–∞—Ç–µ—Ä–∏–∞–ª: –∏—Å–∫—É—Å—Å—Ç–≤–µ–Ω–Ω–∞—è –ª–∞–∫–æ–≤–∞—è –∫–æ–∂–∞, —Ç–∫–∞–Ω—å, –º–µ—Ç–∞–ª–ª (–Ω–µ –æ–∫–∏—Å–ª—è–µ—Ç—Å—è).
—Ä–∞–∑–º–µ—Ä: 305*110*30 –º–º.
–Ω–∞—Å—ã—â–µ–Ω–Ω—ã–π —á–µ—Ä–Ω—ã–π —Ü–≤–µ—Ç. —Ñ—É—Ä–Ω–∏—Ç—É—Ä–∞ ""–ø–æ–¥ —Å–µ—Ä–µ–±—Ä–æ"".
–∑–∞—Å—Ç–µ–∂–∫–∞: –º–∞–≥–Ω–∏—Ç–Ω–∞—è –∫–Ω–æ–ø–∫–∞.
–∂–µ—Å—Ç–∫–∞—è —Ñ–æ—Ä–º–∞.
–≤–∏–Ω—Ç–∞–∂.
–≤ –æ—á–µ–Ω—å —Ö–æ—Ä–æ—à–µ–º —Å–æ—Å—Ç–æ—è–Ω–∏–∏.
—Ü–µ–Ω–∞ 2 —Ç—ã—Å.—Ä—É–±.
2. —Å—É–º–∫–∞ –∂–µ–Ω—Å–∫–∞—è —Å –¥–≤—É–º—è —Ä—É—á–∫–∞–º–∏.
–º–∞—Ç–µ—Ä–∏–∞–ª: –∫–∞—á–µ—Å—Ç–≤–µ–Ω–Ω–∞—è –º—è–≥–∫–∞—è –∏—Å–∫—É—Å—Å—Ç–≤–µ–Ω–Ω–∞—è –∫–æ–∂–∞.
—Ü–≤–µ—Ç: –±–æ—Ä–¥–æ.
–ø—Ä–∏–≤–µ–∑–µ–Ω–∞ –∏–∑ —á–µ—Ö–∏–∏.
—Ä–∞–∑–º–µ—Ä 34*22*10 —Å–º.
–¥–ª–∏–Ω–∞ —Ä—É—á–µ–∫: 58 —Å–º.
–¥–≤–∞ –æ—Ç–¥–µ–ª–µ–Ω–∏—è, –∑–∞–∫—Ä—ã–≤–∞—é—â–∏—Ö—Å—è –Ω–∞ –º–æ–ª–Ω–∏–∏.
–≤–∏–Ω—Ç–∞–∂, 90-00 –≥–≥.
–Ω–æ–≤–∞—è, –≤ –æ—Ç–ª–∏—á–Ω–æ–º —Å–æ—Å—Ç–æ—è–Ω–∏–∏.
—Ü–µ–Ω–∞ 3 —Ç—ã—Å.—Ä—É–±.","{'platform': 'telegram', 'wall_id': 1525972822, 'post_id': 7123}"
93,"–ø–∞–ø–∏–ª—å–æ—Ç–∫–∏ henkel cosmetic.
–¥—é—Å—Å–µ–ª—å–¥–æ—Ä—Ñ - –≤–µ–Ω–∞ - –±–∞–∑–µ–ª—å.
–ø—Ä–æ–∏–∑–≤–æ–¥—Å—Ç–≤–æ: –≥–µ—Ä–º–∞–Ω–∏—è, 60-70 –≥–≥.
–¥–ª—è —Ö–∏–º–∑–∞–≤–∏–≤–∫–∏.
–≤–Ω—É—Ç—Ä–∏ –ø–∞–ø–∏–ª—å–æ—Ç–æ–∫ –º–µ—Ç–∞–ª–ª–∏—á–µ—Å–∫–∏–π –≥–∏–±–∫–∏–π —Å–µ—Ä–¥–µ—á–Ω–∏–∫.
–≤ –∫–æ–º–ø–ª–µ–∫—Ç–µ —Å–ø–µ—Ü–∏–∞–ª—å–Ω–∞—è –ø–∞–ø–∏—Ä–æ—Å–Ω–∞—è –±—É–º–∞–≥–∞ –¥–ª—è –ª–æ–∫–æ–Ω–æ–≤.
–≤ –æ—Ç–ª–∏—á–Ω–æ–º —Å–æ—Å—Ç–æ—è–Ω–∏–∏.
—Ü–µ–Ω–∞ 3 —Ç—ã—Å.—Ä—É–±.","{'platform': 'telegram', 'wall_id': 1525972822, 'post_id': 7119}"
94,"–±—É—Å—ã –∏–∑ –∫–≤–∞—Ä—Ü–∞.
–ø—Ä–æ–∏–∑–≤–æ–¥—Å—Ç–≤–æ: —Å—Å—Å—Ä, 60-70 –≥–≥.
–¥–ª–∏–Ω–∞ –±—É—Å 45 —Å–º. 
–±—É—Å—ã —Ç—è–∂—ë–ª—ã–µ, –º–∞—Å—Å–∏–≤–Ω—ã–µ.
–≤ –æ—Ç–ª–∏—á–Ω–æ–º —Å–æ—Å—Ç–æ—è–Ω–∏–∏.
—Ü–µ–Ω–∞ 4 —Ç—ã—Å.—Ä—É–±.","{'platform': 'telegram', 'wall_id': 1525972822, 'post_id': 7118}"
95,"–±–∞–ª–∞–∫–ª–∞–≤—ã –Ω–æ–≤—ã–µ , —Ä—É—á–Ω–∞—è —Ä–∞–±–æ—Ç–∞ . —Ü–µ–Ω–∞ 1299—Ä . –º–æ–≥—É —Å–≤—è–∑–∞—Ç—å –≤ –ª—é–±–æ–º —Ü–≤–µ—Ç–µ . –æ—Ç–ª–∏—á–Ω–æ –Ω–∞ –ø–æ–¥–∞—Ä–æ–∫ üéÅ","{'platform': 'telegram', 'wall_id': 1525972822, 'post_id': 7112}"
96,"–≤–∞–∑—ã –º–∞–ª–µ–Ω—å–∫–∏–µ 19 —Å–º,–≤—ã—Å–æ–∫–∞—è 25 —Å–º,–ø–æ–¥–Ω–æ—Å –∏–∑ –Ω–µ—Ä–∂–∞–≤–µ—é—â–µ–π —Å—Ç–∞–ª–∏ 34 –Ω–∞ 25 —Å–º. –≤–∞–∑—ã –±–µ–∑ —Å–∫–æ–ª–æ–≤. –ø—Ä–æ–¥–∞—é —Ç–æ–ª—å–∫–æ –≤—Å–µ –≤–º–µ—Å—Ç–µ –∑–∞ 700 —Ä—É–±, —Å–∞–º–æ–≤—ã–≤–æ–∑ 5 –º–∏–Ω—É—Ç –ø–µ—à–∫–æ–º –æ—Ç –º–µ—Ç—Ä–æ –∫–æ–ª–æ–º–µ–Ω—Å–∫–∞—è","{'platform': 'telegram', 'wall_id': 1525972822, 'post_id': 7111}"
97,"–≥–Ω–æ–º–∏–∫ —Ä—É—á–Ω–æ–π —Ä–∞–±–æ—Ç—ã , –Ω–æ–≤—ã–π . —Ü–µ–Ω–∞ 1799—Ä","{'platform': 'telegram', 'wall_id': 1525972822, 'post_id': 7108}"
98,"—Å–æ–≤–µ—Ç—Å–∫–∞—è –ø–æ—Å—É–¥–∞ –≤ —Ö–æ—Ä–æ—à–µ–º —Å–æ—Å—Ç–æ—è–Ω–∏–∏, –≤—Å–µ –±/—É, —Ç–æ–ª—å–∫–æ –≤—Å–µ –≤–º–µ—Å—Ç–µ –∑–∞ 500 —Ä—É–±, —Å—É–¥–æ—Å—Ç—Ä–æ–∏—Ç–µ–ª—å–Ω–∞—è —É–ª–∏—Ü–∞ 10–∫2 (5 –º–∏–Ω—É—Ç –ø–µ—à–∫–æ–º –æ—Ç –º–µ—Ç—Ä–æ –∫–æ–ª–æ–º–µ–Ω—Å–∫–∞—è)","{'platform': 'telegram', 'wall_id': 1525972822, 'post_id': 7107}"
99,"–ø—Ä–æ–¥–∞—é –¥–≤–∞ –±–∏–ª–µ—Ç–∞ –Ω–∞ –∑–∞–≤—Ç—Ä–∞ 26 –Ω–æ—è–±—Ä—è –Ω–∞ –≤—ã—Å—Ç–∞–≤–∫—É-—Ä–µ–∫–æ–Ω—Å—Ç—Ä—É–∫—Ü–∏—é ¬´—Ç–µ—Ä—Ä–∞–∫–æ—Ç–æ–≤–∞—è –∞—Ä–º–∏—è –∫–∏—Ç–∞—è¬ª. 
–∑–∞–±–æ–ª–µ–ª–∏ –∏ –Ω–µ –º–æ–∂–µ–º –ø–æ–π—Ç–∏ —Å–∞–º–∏! 
850 —Ä –∑–∞ –±–∏–ª–µ—Ç (–≤–º–µ—Å—Ç–æ 1250)","{'platform': 'telegram', 'wall_id': 1525972822, 'post_id': 7106}"
