,Text,Id,Length,Nums,Tokens,NumsPerWord,TokensPerWord,Wall
0,"üëï–º—É–∂—Å–∫–∞—è —Ä—É–±–∞—à–∫–∞ primark
—Ä–∞–∑–º–µ—Ä s-m
—Å–æ—Å—Ç–æ—è–Ω–∏–µ 4,5 / 5
—Ü–µ–Ω–∞: 10 –ª–∞—Ä–∏ 

üå∏–ø–ª–∞—Ç—å–µ –≤ —Ü–≤–µ—Ç–æ—á–µ–∫ –Ω–∞ –∑–∞—è–≤—è–∑–∫–µ –∏ –ø—É–≥–æ–≤–∏—Ü–∞—Ö
—Ä–∞–∑–º–µ—Ä s
—Å–æ—Å—Ç–æ—è–Ω–∏–µ 4,5 / 5
—Ü–µ–Ω–∞: 15 –ª–∞—Ä–∏ 

üíô–≥–æ–ª—É–±–∞—è —Ä—É–±–∞—à–∫–∞ 
—Ä–∞–∑–º–µ—Ä –º—É–∂—Å–∫–æ–π xs-s, –∂–µ–Ω—Å–∫–∏–π s-m
—Å–æ—Å—Ç–æ—è–Ω–∏–µ 4 / 5
—Ü–µ–Ω–∞: 7 –ª–∞—Ä–∏

üß•–ø–ª–æ—Ç–Ω—ã–π –ø–ª–∞—â, –≤–∏–Ω—Ç–∞–∂
—Ä–∞–∑–º–µ—Ä s –æ–≤–µ—Ä—Å–∞–π–∑, –º
—Å–æ—Å—Ç–æ—è–Ω–∏–µ 4,5 / 5
—Ü–µ–Ω–∞: 40 –ª–∞—Ä–∏ 

üå∑—Ä—É–±–∞—à–∫–∞ –≤ —Ü–≤–µ—Ç–æ—á–µ–∫, –≤–∏–Ω—Ç–∞–∂
—Ä–∞–∑–º–µ—Ä s
—Å–æ—Å—Ç–æ—è–Ω–∏–µ 5 / 5
—Ü–µ–Ω–∞: 20 –ª–∞—Ä–∏

üëó–ø–ª–∞—Ç—å–µ –≤ –≥–æ—Ä–æ—à–µ–∫
—Ä–∞–∑–º–µ—Ä s
—Å–æ—Å—Ç–æ—è–Ω–∏–µ 5 / 5
—Ü–µ–Ω–∞: 15 –ª–∞—Ä–∏","{""platform"": ""telegram"", ""wall_id"": 1332882905, ""post_id"": 579955}",84,18,269,0.2142857142857142,3.202380952380953,1332882905
1,"–±–µ–≥–æ–≤—ã–µ –∫—Ä–æ—Å—Å–æ–≤–∫–∏ saucony men's axon 2, 44 —Ä–∞–∑–º–µ—Ä (us10.5)
–Ω–æ–≤—ã–µ, 130–ª–∞—Ä–∏. —Ä–∞–π–æ–Ω –º 300 –∞—Ä–∞–≥–≤–∏–Ω—Ü–µ–≤","{""platform"": ""telegram"", ""wall_id"": 1332882905, ""post_id"": 665316}",16,5,50,0.3125,3.125,1332882905
2,"wifi repeater xiaomi 
15 gel. –µ—Å—Ç—å –¥–≤–µ —à—Ç—É–∫–∏

—Ä–∞–π–æ–Ω –ø–µ—Ä–µ—Ö–æ–¥–Ω–æ–≥–æ –º–æ—Å—Ç–∞ –∂–¥ –≤–æ–∫–∑–∞–ª–∞","{""platform"": ""telegram"", ""wall_id"": 1332882905, ""post_id"": 437718}",13,1,33,0.0769230769230769,2.5384615384615383,1332882905
3,"–∏ –µ—â–µ —Ä–∞–∑ –≤—Å–µ–º –ø—Ä–∏–≤–µ—Ç! –ø—Ä–æ–¥–∞—é –≤–∞—Ñ–µ–ª—å–Ω–∏—Ü—É wf 2081 m. –æ–Ω–∞ –Ω–∞–º —Å–ª—É–∂–∏–ª–∞ –≤–µ—Ä–æ–π –∏ –ø—Ä–∞–≤–¥–æ–π –ø–æ–ª–≥–æ–¥–∞, –ø–æ–¥–∞—Ä–∏–≤ –º–Ω–æ–∂–µ—Å—Ç–≤–æ —Ä–∞–¥–æ—Å—Ç–Ω—ã—Ö –∑–∞–≤—Ç—Ä–∞–∫–æ–≤ –∏ —É–∂–∏–Ω–æ–≤ —Å –≤–∞—Ñ–ª—è–º–∏.

—ç—Ç–∞ –≤–∞—Ñ–µ–ª—å–Ω–∏—Ü–∞ ‚Äì –Ω–∞–¥–µ–∂–Ω—ã–π –ø–æ–º–æ—â–Ω–∏–∫, –∫–æ—Ç–æ—Ä—ã–π –ø–æ–º–æ–≥–∞–µ—Ç –¥–µ–ª–∞—Ç—å –≤–∞—Ñ–ª–∏ –±—ã—Å—Ç—Ä–æ –∏ –±–µ–∑ –ª–∏—à–Ω–µ–≥–æ —Ç—Ä—É–¥–∞. –±–ª–∞–≥–æ–¥–∞—Ä—è –µ–π, –≤–∞—à–∏ –≤–∞—Ñ–ª–∏ –≤—Å–µ–≥–¥–∞ –ø–æ–ª—É—á–∞—é—Ç—Å—è –∏–¥–µ–∞–ª—å–Ω—ã–º–∏: –∑–æ–ª–æ—Ç–∏—Å—Ç—ã–º–∏, —Ö—Ä—É—Å—Ç—è—â–∏–º–∏ —Å–Ω–∞—Ä—É–∂–∏ –∏ –º—è–≥–∫–∏–º–∏ –≤–Ω—É—Ç—Ä–∏.

–º—ã –∏—Å–ø–æ–ª—å–∑–æ–≤–∞–ª–∏ –µ–µ –∞–∫–∫—É—Ä–∞—Ç–Ω–æ, –ø–æ—ç—Ç–æ–º—É –æ–Ω–∞ –≤—Å–µ –µ—â–µ –≤ –æ—Ç–ª–∏—á–Ω–æ–º —Å–æ—Å—Ç–æ—è–Ω–∏–∏ –∏ –≥–æ—Ç–æ–≤–∞ –∫ –Ω–æ–≤—ã–º –≤–∞—Ñ–µ–ª—å–Ω—ã–º –ø—Ä–∏–∫–ª—é—á–µ–Ω–∏—è–º.

–µ—Å–ª–∏ –≤—ã —Ö–æ—Ç–∏—Ç–µ –ø—Ä–∏–≤–Ω–µ—Å—Ç–∏ –≤ —Å–≤–æ—é –∂–∏–∑–Ω—å –Ω–µ–º–Ω–æ–≥–æ —Å–ª–∞–¥–∫–æ–≥–æ –≤–æ–ª—à–µ–±—Å—Ç–≤–∞, —Ç–æ —ç—Ç–∞ –≤–∞—Ñ–µ–ª—å–Ω–∏—Ü–∞ –∏–¥–µ–∞–ª—å–Ω–æ –ø–æ–¥–æ–π–¥–µ—Ç –¥–ª—è –≤–∞—Å. –ø—Ä–æ–¥–∞—é –∑–∞ 40 –ª–∞—Ä–∏. –∑–∞–±–∏—Ä–∞—Ç—å –∏–∑ —á—É–≥—É—Ä–µ—Ç–∏ (–æ–∫–æ–ª–æ –¥—ç–¥–∞—ç–Ω–∞ –ø–∞—Ä–∫–∞). –±—É–¥—É —Ä–∞–¥–∞ –≤–∞—à–∏–º —Å–æ–æ–±—â–µ–Ω–∏—è–º!","{""platform"": ""telegram"", ""wall_id"": 1332882905, ""post_id"": 477289}",100,2,316,0.02,3.16,1332882905
4,"1. –¥–∂–∏–Ω—Å—ã moms –Ω–æ–≤—ã–µ —Å –±–∏—Ä–∫–∞–º–∏ –≤–∞–π–∫–∏–∫–∏, –º–∞—Ä–∫–∏—Ä–æ–≤–∫–∞ 122-128, –¥–ª–∏–Ω–∞ 78 —Å–º, —à–∞–≥–æ–≤—ã–π 52 —Å–º, —Ç–∞–ª–∏—è 32 —Å–º. 35 –ª–∞—Ä–∏
 2. –∫–µ–¥—ã –Ω–æ–≤—ã–µ, —Å—Ç–µ–ª—å–∫–∞ 19 —Å–º. 45 –ª–∞—Ä–∏","{""platform"": ""telegram"", ""wall_id"": 1332882905, ""post_id"": 335743}",28,9,82,0.3214285714285714,2.9285714285714284,1332882905
5,"–ø–ª–∞—Ç—å–µ –≤ –∏–¥–µ–∞–ª—å–Ω–æ–º —Å–æ—Å—Ç–æ—è–Ω–∏–∏. –Ω–∞–¥–µ–≤–∞–ª–∞ –æ–¥–∏–Ω —Ä–∞–∑. –ø–æ–ª–Ω–æ—Ä–∞–∑–º–µ—Ä–Ω—ã–π s. 
35 –ª–∞—Ä–∏. –≤–∞—Ä–∫–µ—Ç–∏–ª–∏.","{""platform"": ""telegram"", ""wall_id"": 1332882905, ""post_id"": 773398}",12,1,43,0.0833333333333333,3.583333333333333,1332882905
6,"1. –∞–±—Å–æ–ª—é—Ç–Ω–æ –Ω–æ–≤–∞—è –∏–≥—Ä–æ–≤–∞—è –º—ã—à—å gigabyte aorus m2  ( —Ü–µ–Ω–∞ 95 ‚Çæ )
 2. –±—Ä–∏—Ç–≤–∞ philips electric shaver series 1000 s1103 –Ω–æ–≤—ã–π , –±–µ–∑ –∫–æ—Ä–æ–±–∫–∏ ( —Ü–µ–Ω–∞ 70 ‚Çæ )
 3. –æ—Ä–∏–≥–∏–Ω–∞–ª—å–Ω—ã–µ —Å–æ–ª–Ω—Ü–µ–∑–∞—â–∏—Ç–Ω—ã–µ –æ—á–∫–∏ hugo boss –≤ –∏–¥–µ–∞–ª—å–Ω–æ–º —Å–æ—Å—Ç–æ—è–Ω–∏–∏ –∏ –ø–æ–ª–Ω–æ–º –∫–æ–º–ø–ª–µ–∫—Ç–µ : –∫–µ–π—Å , —Ñ–∏—Ä–º–µ–Ω–Ω–∞—è —Å–∞–ª—Ñ–µ—Ç–∫–∞ ( —Ü–µ–Ω–∞ 170 ‚Çæ )
 4. –±–ª–µ–Ω–¥–µ—Ä —Å—Ç–∞—Ü–∏–æ–Ω–∞—Ä–Ω—ã–π smeg blf01bleu —á–µ—Ä–Ω—ã–π ( —Ü–µ–Ω–∞ 400 ‚Çæ  )
 5. –º–∏–Ω–∏–º–∞–ª–∏—Å—Ç–∏—á–Ω–∞—è –ø–æ—è—Å–Ω–∞—è —Å—É–º–∫–∞ —É–Ω–∏—Å–µ–∫—Å ( —Ü–µ–Ω–∞ 15 ‚Çæ )
 6. –∑–µ—Ä–∫–∞–ª–æ zara home –Ω–∞—Å—Ç–æ–ª—å–Ω–æ–µ –≤ –º–µ—Ç–∞–ª–ª–∏—á–µ—Å–∫–æ–π —Ä–∞–º–∫–µ 33—Ö56—Å–º ( —Ü–µ–Ω–∞ 140 ‚Çæ )
 7. iphone xr 128gb black –Ω–∏ —Ä–∞–∑—É –Ω–µ –≤—Å–∫—Ä—ã–≤–∞–ª—Å—è ( —Ü–µ–Ω–∞ 750 ‚Çæ )","{""platform"": ""telegram"", ""wall_id"": 1332882905, ""post_id"": 849196}",84,20,257,0.238095238095238,3.0595238095238093,1332882905
7,"–¥–æ–±—Ä–æ–≥–æ –≤—Å–µ–º –¥–Ω—è! –ø—Ä–æ–¥–∞—é —Å–≤–æ–π –Ω–æ—É—Ç –≤ –æ—á–µ–Ω—å —Ö–æ—Ä–æ—à–µ–º —Å–æ—Å—Ç–æ—è–Ω–∏–∏! –æ–∑—É- 8 g. ssd- 128 g. –ø–æ–¥—Ä–æ–±–Ω—ã–µ —Ö–∞—Ä–∞–∫—Ç–µ—Ä–∏—Å—Ç–∏–∫–∏ –Ω–∞ —Ñ–æ—Ç–æ. —à—É—Å—Ç—Ä—ã–π, –ø–æ —Ä–∞–±–æ—Ç–µ –≤–æ–ø—Ä–æ—Å–æ–≤ –Ω–µ—Ç. –∞–∫–∫—É–º—É–ª—è—Ç–æ—Ä —Ä–æ–¥–Ω–æ–π, –∑–∞—Ä—è–¥ –¥–µ—Ä–∂–∏—Ç –æ—Ç–ª–∏—á–Ω–æ (–¥–æ 5 —á–∞—Å–æ–≤ —Ä–∞–±–æ—Ç—ã).
—Ü–µ–Ω–∞- 650 –ª–∞—Ä. (—Ç–æ—Ä–≥-–º–∏–Ω–∏–º–∞–ª—å–Ω—ã–π)","{""platform"": ""telegram"", ""wall_id"": 1332882905, ""post_id"": 367069}",39,4,122,0.1025641025641025,3.128205128205128,1332882905
8,"–∫–æ—Ñ–µ–º–∞—à–∏–Ω–∞ –ø—Ä–æ—Ñ–µ—Å—Å–∏–æ–Ω–∞–ª—å–Ω–∞—è  promac green cme 2gp –Ω–∞–¥–µ–∂–Ω—ã–π –∞–ø–ø–∞—Ä–∞—Ç –ø–æ–ª–Ω–æ—Å—Ç—å—é –æ–±—Å–ª—É–∂–µ–Ω 
–∫–æ—Ñ–µ–º–æ–ª–∫–∞ –ø—Ä—è–º–æ–≥–æ –ø–æ–º–æ–ª–∞ fiorenzato f64
–ø–∏—Ç—á–µ—Ä—ã, –¥–∂–∏–≥–≥–µ—Ä—ã
( –º–æ–∂–Ω–æ –≤ —Ä—É–±–ª—è—Ö)","{""platform"": ""telegram"", ""wall_id"": 1332882905, ""post_id"": 466215}",20,2,78,0.1,3.9,1332882905
9,"iphone 11 256gb 

–∞–π—Ñ–æ–Ω –≤ –∏–¥–µ–∞–ª—å–Ω–æ–º —Å–æ—Å—Ç–æ—è–Ω–∏–∏. –Ω–µ –≤—Å–∫—Ä—ã–≤–∞–ª—Å—è –∏ –≤ —Ä–µ–º–æ–Ω—Ç–µ –Ω–µ –±—ã–ª. –Ω–∞ —ç–∫—Ä–∞–Ω–µ —Ü–∞—Ä–∞–ø–∏–Ω –Ω–µ—Ç. –≤ –∫–æ–º–ø–ª–µ–∫—Ç–µ –∑–∞—Ä—è–¥–∫–∞ –∏ —á–µ—Ö–æ–ª 

—Ü–µ–Ω–∞ 870 –ª–∞—Ä–∏

—Å–æ–≥–ª–∞—Å–æ–≤–∞–Ω –ø–æ—Å—Ç —Å @ads_geo_bot","{""platform"": ""telegram"", ""wall_id"": 1332882905, ""post_id"": 735030}",30,3,83,0.1,2.7666666666666666,1332882905
10,"–∫–æ–º–ø—å—é—Ç–µ—Ä–Ω—ã–π —Å—Ç–æ–ª.
üè∑Ô∏è 300 gel

–≥–ª—É–±–∏–Ω–∞ 70-74—Å–º
—à–∏—Ä–∏–Ω–∞ 115—Å–º
–≤—ã—Å–æ—Ç–∞ 78—Å–º

–ø–æ–ª–Ω–æ—Å—Ç—å—é —Ä–∞–∑–±–∏—Ä–∞–µ—Ç—Å—è, –Ω–æ–∂–∫–∏ —Ä–µ–≥—É–ª–∏—Ä—É—é—Ç—Å—è (—á—Ç–æ–±—ã –Ω–µ —à–∞—Ç–∞–ª—Å—è). –µ—Å—Ç—å –≤–µ—à–∞–ª–∫–∞ –ø–æ–¥ –Ω–∞—É—à–Ω–∏–∫–∏ –∏ –¥–µ—Ä–∂–∞—Ç–µ–ª—å –ø–æ–¥ –±—É—Ç—ã–ª–∫—É (–æ–±–∞ –æ—Ç–∫—Ä—É—á–∏–≤–∞—é—Ç—Å—è).
—Å—Ç–æ–ª–µ—à–Ω–∏—Ü–∞ –≤ —Ö–æ—Ä–æ—à–µ–º —Å–æ—Å—Ç–æ—è–Ω–∏–∏, –Ω–æ –µ—Å—Ç—å –º–µ–ª–∫–∏–µ —Ü–∞—Ä–∞–ø–∏–Ω—ã –Ω–µ –≤–ª–∏—è—é—â–∏–µ –Ω–∏–∫–∞–∫ –Ω–∞ –∏—Å–ø–æ–ª—å–∑–æ–≤–∞–Ω–∏–µ","{""platform"": ""telegram"", ""wall_id"": 1332882905, ""post_id"": 778727}",41,4,150,0.0975609756097561,3.658536585365854,1332882905
11,–ø—Ä–æ–¥–∞–º –ø–ª–æ—Å–∫—É—é —Ç–∞—Ä–µ–ª–∫—É versace –æ—Ä–∏–≥–∏–Ω–∞–ª. —Ü–µ–Ω–∞ 150 –ª–∞—Ä–∏. –ø–æ –≤—Å–µ–º –≤–æ–ø—Ä–æ—Å–∞–º –æ–±—Ä–∞—â–∞–π—Ç–µ—Å—å –≤ –ª–∏—á–∫—É.,"{""platform"": ""telegram"", ""wall_id"": 1332882905, ""post_id"": 766913}",14,1,46,0.0714285714285714,3.2857142857142856,1332882905
12,"–≤—Å–µ–º –ø—Ä–∏–≤–µ—Ç! –ø—Ä–æ–¥–∞–º üíª macbook pro 2018 15‚Ä≥ 
‚Äì –º–æ–¥–µ–ª—å a1990
‚Äì —Ü–µ–Ω–∞ 450$ / 1200‚Çæ (–º–æ–∂–Ω–æ –∫—Ä–∏–ø—Ç–æ–π)
‚Äì –≤–Ω–µ—à–Ω–µ–µ —Å–æ—Å—Ç–æ—è–Ω–∏–µ –Ω–µ –æ—á–µ–Ω—å, —á—Ç–æ –º–æ–∂–Ω–æ –ø–æ–Ω—è—Ç—å –ø–æ —Ü–µ–Ω–µ: 
1. –Ω–∞ –∫—Ä—ã—à–∫–µ —ç–∫—Ä–∞–Ω–∞ –µ—Å—Ç—å –¥–≤–µ –≤–º—è—Ç–∏–Ω—ã
2. —Ç–∞–∫ –∂–µ —É–≥–ª—ã –∫–æ—Ä–ø—É—Å–∞ –Ω–µ–º–Ω–æ–≥–æ –ø–æ–≥–Ω—É—Ç—ã 
3. –Ω–∞ –¥–µ–∫–æ—Ä–∞—Ç–∏–≤–Ω–æ–π —Ä–∞–º–∫–µ –æ—Ç–∫–æ–ª–æ–ª—Å—è –ø–ª–∞—Å—Ç–∏–∫
‚Äì –Ω–æ—É—Ç –ø–µ—Ä–µ–∂–∏–ª –ø–∞–¥–µ–Ω–∏–µ –Ω–∞ –Ω–µ–≥–æ —Ç–µ–ª–µ–≤–∏–∑–æ—Ä–∞ 
‚Äì –Ω–∞ —Ä–∞–±–æ—Ç–µ –≤–Ω–µ—à–Ω–∏–µ —Ñ–∞–∫—Ç–æ—Ä—ã –Ω–∏–∫–∞–∫ –Ω–µ —Å–∫–∞–∑—ã–≤–∞—é—Ç—Å—è. 
‚Äì —Ü–∏–∫–ª–æ–≤ –ø–µ—Ä–µ–∑–∞—Ä—è–¥–∫–∏ ‚Äì 968, —Ä–∞–±–æ—Ç–∞—é –Ω–∞ –Ω–µ–º —É–∂–µ –ø–æ—á—Ç–∏ —Ç—Ä–∏ –≥–æ–¥–∞, –Ω–∏–∫–∞–∫–∏—Ö –ø—Ä–æ–±–ª–µ–º –Ω–µ –≤–æ–∑–Ω–∏–∫–∞–ª–æ, –Ω–∞ —ç—Ç–æ–π –±–∞—Ç–∞—Ä–µ–µ –ø–æ–ª–Ω—ã–π –∑–∞—Ä—è–¥ –¥–µ—Ä–∂–∏—Ç –æ–∫–æ–ª–æ 6-7 —á–∞—Å–æ–≤ –≤ —Ä–∞–±–æ—Ç–µ.","{""platform"": ""telegram"", ""wall_id"": 1332882905, ""post_id"": 687732}",90,10,251,0.1111111111111111,2.7888888888888888,1332882905
13,"—Ä—é–∫–∑–∞–∫–∏ –±/—É:
kanken classic, —Ü–≤–µ—Ç fog, –æ—Ä–∏–≥–∏–Ω–∞–ª - 120 –ª–∞—Ä–∏
xiaomi, –º–∞–ª–µ–Ω—å–∫–∏–π —Ä—é–∫–∑–∞–∫-—Å—É–º–∫–∞ - 40 –ª–∞—Ä–∏","{""platform"": ""telegram"", ""wall_id"": 1332882905, ""post_id"": 422112}",15,2,53,0.1333333333333333,3.533333333333333,1332882905
14,adamovskyyana –Ω–∞—Ä—É—à–∏–ª –ø—Ä–∞–≤–∏–ª–∞ —á–∞—Ç–∞ –∏ –Ω–µ —Å–º–æ–∂–µ—Ç –ø–∏—Å–∞—Ç—å –¥–æ 27.08.2023 13:55:55. –ø—Ä–∞–≤–∏–ª–∞ —á–∞—Ç–æ–≤,"{""platform"": ""telegram"", ""wall_id"": 1332882905, ""post_id"": 579021}",15,4,43,0.2666666666666666,2.8666666666666667,1332882905
15,"–ø—Ä–æ–¥–∞–º –æ–±—É–≤—å, –≤—Å—è 41—Ä–∞–∑–º–µ—Ä–∞, –ø–µ—Ä–≤—ã–µ rifle ringer, –∫–æ–∂–∞, –æ–¥–µ–≤–∞–ª–∞ –Ω–µ—Å–∫–æ–ª—å–∫–æ —Ä–∞–∑ - 50–ª–∞—Ä–∏
–≤—Ç–æ—Ä—ã–µ —É–¥–æ–±–Ω—ã–µ, –¥—É–º–∞—é –Ω–µ –∫–æ–∂–∞, –Ω–æ –æ—Ç–ª–∏—á–Ω–æ–≥–æ –∫–∞—á–µ—Å—Ç–≤–∞ - 25
–±–æ—Ç–∏–Ω–∫–∏ –±–µ—Ä—à–∫–∞ –æ–¥–µ—Ç—ã 2 —Ä–∞–∑–∞ - 50","{""platform"": ""telegram"", ""wall_id"": 1332882905, ""post_id"": 379236}",27,5,89,0.1851851851851851,3.2962962962962963,1332882905
16,"–ø—Ä–æ–¥–∞—é 
canon 750 d + –∫–∏—Ç–æ–≤—ã–π –æ–±—ä–µ–∫—Ç–∏–≤ + –∑–∞—Ä—è–¥–Ω–æ–µ —É—Å—Ç—Ä–æ–π—Å—Ç–≤–æ +2 –±–∞—Ç–∞—Ä–µ–∏¬† $300
–æ–±—ä–µ–∫—Ç–∏–≤ canon ef 50 mm 1.8 stm $100
–∫–æ–º–ø–ª–µ–∫—Ç –æ—Ç–ª–∏—á–Ω–æ –ø–æ–¥–æ–π–¥—ë—Ç –¥–ª—è –Ω–∞—á–∏–Ω–∞—é—â–∏—Ö —Ñ–æ—Ç–æ–≥—Ä–∞—Ñ–æ–≤, –∑–∞–∫—Ä—ã–≤–∞–µ—Ç –±–æ–ª—å—à–∏–Ω—Å—Ç–≤–æ –∑–∞–¥–∞—á 
–ø—Ä–æ–¥–∞—é –≤ —Å–≤—è–∑–∏ —Å –ø–µ—Ä–µ—Ö–æ–¥–æ–º –Ω–∞ –±–µ–∑–∑–µ—Ä–∫–∞–ª–∫—É 
–≤—Å–µ –±/—É, –Ω–æ –≤ —Ä–∞–±–æ—á–µ–º —Å–æ—Å—Ç–æ—è–Ω–∏–∏
–Ω–µ –ø–∞–¥–∞–ª–æ, –Ω–µ –ª–æ–º–∞–ª–æ—Å—å 
–±—É–¥—É —Ä–∞–¥–∞ –æ—Ç–≤–µ—Ç–∏—Ç—å –Ω–∞ –≤–æ–ø—Ä–æ—Å—ã","{""platform"": ""telegram"", ""wall_id"": 1332882905, ""post_id"": 763281}",52,6,157,0.1153846153846153,3.019230769230769,1332882905
17,"–≤—Å–µ–º –∑–¥—Ä–∞–≤—Å—Ç–≤—É–π—Ç–µ!
–∏–º–µ—é –∂–µ–ª–∞–Ω–∏–µ (–Ω—É–∂–¥—É) –ø—Ä–æ–¥–∞—Ç—å —Å–ª–µ–¥—É—é—â–∏–µ –≤–µ—â–∏ –≤ —Ö–æ—Ä–æ—à–µ–º —Å–æ—Å—Ç–æ—è–Ω–∏–∏: 
1. flysurfer speed 4 lotus 8m –ø–∞—Ä–∞—Ñ–æ–π–ª, —Å –ø–ª–∞–Ω–∫–æ–π, –∫–æ–º–ø–ª–µ–∫—Ç.
2. martin vari vulcan 9m 12–≥ –±–∞–ª–æ–Ω–Ω–∏–∫,—Å –ø–ª–∞–Ω–∫–æ–π, –∫–æ–º–ø–ª–µ–∫—Ç 
3. —Å–∏–¥—è—á–∞—è —Ç—Ä–∞–ø–µ—Ü–∏—è underwave atlantis m –º—É–∂—Å–∫–∞—è
4. —Å–∏–¥—è—á–∞—è —Ç—Ä–∞–ø–µ—Ü–∏—è ion echo –º –∂–µ–Ω—Å–∫–∞—è.
5. –¥–æ—Å–∫–∞ –∫–∞–π—Ç fanatic joyrider, –æ–ª–¥—Å–∫—É–ª )
6. –≥–∏–¥—Ä–∏–∫ –¥–ª–∏–Ω–Ω—ã–π, 3-4–º–º –∂–µ–Ω—Å–∫–∏–π, s,  martin vari.
7. –ø–∞—Ä–∞—Ñ–æ–π–ª –ø–∏–ª–æ—Ç–∞–∂–Ω—ã–π, —É—á–µ–±–Ω—ã–π, –Ω–∞ —Ä—É—á–∫–∞—Ö, elf kites 3m.

—Ü–µ–Ω—ã –¥–æ–≥–æ–≤–æ—Ä–Ω—ã–µ.","{""platform"": ""telegram"", ""wall_id"": 1332882905, ""post_id"": 427099}",70,13,231,0.1857142857142857,3.3,1332882905
18,"–ø—Ä–æ–¥–∞–º –ª–∞–±—É—Ç–µ–Ω—ã –≤ –∏–¥–µ–∞–ª—å–Ω–æ–º —Å–æ—Å—Ç–æ—è–Ω–∏–∏ ,–±–µ–∑ –µ–¥–∏–Ω–æ–π —Ü–∞—Ä–∞–ø–∫–∏, –∑–∞ 100 –ª–∞—Ä–∏.","{""platform"": ""telegram"", ""wall_id"": 1332882905, ""post_id"": 631995}",11,1,36,0.0909090909090909,3.272727272727273,1332882905
19,"–ø—Ä–æ–¥–∞—é –Ω–µ–æ–Ω

—Å–≤–µ—Ç–æ–¥–∏–æ–¥–Ω—ã–µ –Ω–µ–æ–Ω—ã (–ø—Ä–æ –ø–æ—Ö—É–¥–µ–Ω–∏–µ –∏ –º–æ–¥–∏—Ñ–∏–∫–∞—Ü–∏–∏)- –ø–æ 150 –ª–∞—Ä–∏

–±–æ–ª—å—à–æ–π —Å–≤–µ—Ç–æ–¥–∏–æ–¥–Ω—ã–π –Ω–µ–æ–Ω house of tinctures - 200 –ª–∞—Ä–∏

–±–ª–æ–∫–∏ –ø–∏—Ç–∞–Ω–∏—è –≤ –∫–æ–º–ø–ª–µ–∫—Ç–µ!!!
–≤—Å–µ –≤ –∏–¥–µ–∞–ª—å–Ω–æ –Ω–æ–≤–æ–º —Å–æ—Å—Ç–æ—è–Ω–∏–∏

—à—É—Å—Ç—Ä—ã–º –∏ –æ–ø—Ç–æ–≤–∏–∫–∞–º (=–∑–∞–±–µ—Ä—É –≤—Å–µ —Å—Ä–∞–∑—É) —Å–¥–µ–ª–∞—é —Ö–æ—Ä–æ—à—É—é —Å–∫–∏–¥–∫—É))
–ø–∏—à–∏—Ç–µ!","{""platform"": ""telegram"", ""wall_id"": 1332882905, ""post_id"": 651207}",38,2,127,0.0526315789473684,3.3421052631578947,1332882905
20,–ø—Ä–æ–¥–∞–º –≤—ã—Ç—è–∂–∫—É –∑–∞ 25 –ª–∞—Ä–∏ –∏ –≤–µ–Ω—Ç–∏–ª—è—Ç–æ—Ä –∑–∞ 20,"{""platform"": ""telegram"", ""wall_id"": 1332882905, ""post_id"": 653943}",9,2,24,0.2222222222222222,2.6666666666666665,1332882905
21,"–ø—Ä–æ–¥–∞–µ—Ç—Å—è sony wh-1000xm5
–∫—É–ø–∏–ª–∏ –¥–µ–≤–æ—á–∫–µ –≤ –ø–æ–¥–∞—Ä–æ–∫, –µ–π –Ω–µ –ø–æ–¥–æ—à–ª–∏, —Ä–∞–±–æ—Ç–∞–ª–∏ –ø–∞—Ä—É –º–∏–Ω—É—Ç
–∫—É–ø–ª–µ–Ω—ã –≤ zoomer, –≤ –Ω–æ—è–±—Ä–µ.
—Ü–µ–Ω–∞ 950 –ª–∞—Ä–∏","{""platform"": ""telegram"", ""wall_id"": 1332882905, ""post_id"": 809304}",22,2,63,0.0909090909090909,2.863636363636364,1332882905
22,"–ø—Ä–æ–¥–∞–º –≤–µ–Ω—Ç–∏–ª—è—Ç–æ—Ä 
–≥–æ—Ñ—Ä—É 
ph-–º–µ—Ç—Ä 
—Å–∫—Ä–æ–≥ 40x90 
—Ç–∞–π–º–µ—Ä 
—É–¥–æ–±—Ä–µ–Ω–∏—è (–æ—Ç–∫—Ä—ã—Ç—ã) 
–∑–∞ –≤—Å–µ –≤–º–µ—Å—Ç–µ 250 gel","{""platform"": ""telegram"", ""wall_id"": 1332882905, ""post_id"": 743882}",15,2,52,0.1333333333333333,3.466666666666667,1332882905
23,"–≤—Å–µ–º –ø—Ä–∏–≤–µ—Ç!

–ø—Ä–æ–¥–∞–º iphone 11 pro 64 gb.

–≤ –æ—Ç–ª–∏—á–Ω–æ–º —Å–æ—Å—Ç–æ—è–Ω–∏–∏, –Ω–∏ —Ä–∞–∑—É –Ω–µ —Ä–∞–∑–±–∏—Ä–∞–ª—Å—è, 1 —Ö–æ–∑—è–∏–Ω.

–∞–∫–∫—É–º—É–ª—è—Ç–æ—Ä 71%.

950 –ª–∞—Ä–∏ / 375 –¥–æ–ª–ª–∞—Ä–æ–≤ –±–µ–∑ —Ç–æ—Ä–≥–∞","{""platform"": ""telegram"", ""wall_id"": 1332882905, ""post_id"": 411465}",26,6,72,0.2307692307692307,2.769230769230769,1332882905
24,"—é–±–∫–∞ –º–∏–Ω–∏ zara –∫–æ–∂–∑–∞–º 
—Å–æ—Å—Ç–æ—è–Ω–∏–µ –æ—Ç–ª–∏—á–Ω–æ–µ, –Ω–æ—Å–∏–ª–∞ –æ—á–µ–Ω—å —Ä–µ–¥–∫–æ
—Ä–∞–∑–º–µ—Ä xs 
—Ç–∞–ª–∏—è (—Å–∞–º–∞—è –≤–µ—Ä—Ö–Ω—è—è —á–∞—Å—Ç—å) ~60—Å–º
–≤ –±–µ–¥—Ä–∞—Ö ~80—Å–º
–¥–ª–∏–Ω–∞ ~40—Å–º
30 25 –ª–∞—Ä–∏

—Å–∞–±—É—Ä—Ç–∞–ª–æ, —Ç–µ—Ö–Ω–∏—á–µ—Å–∫–∏–π —É–Ω–∏–≤–µ—Ä—Å–∏—Ç–µ—Ç. –º–æ–∂–µ–º –¥–æ–≥–æ–≤–æ—Ä–∏—Ç—å—Å—è –æ –¥—Ä—É–≥–æ–º –º–µ—Å—Ç–µ –≤—Å—Ç—Ä–µ—á–∏

—Ä–∞—Å–ø—Ä–æ–¥–∞—é –Ω–µ–ø—Ä–∏–≥–æ–¥–∏–≤—à–∏–µ—Å—è –∑–∞–ø–∞—Å—ã, –æ—Å—Ç–∞–ª—å–Ω–æ–µ –æ–ø—É–±–ª–∏–∫–æ–≤–∞–ª–∞ —Ç—É—Ç @cosmeticstbilisi","{""platform"": ""telegram"", ""wall_id"": 1332882905, ""post_id"": 764739}",40,5,156,0.125,3.9,1332882905
25,"–Ω–æ–≤–∞—è,—É–ø—Ä—É–≥–∞—è,50/70 —Å–º,30 –ª–∞—Ä–∏","{""platform"": ""telegram"", ""wall_id"": 1332882905, ""post_id"": 494204}",6,2,17,0.3333333333333333,2.833333333333333,1332882905
26,"–ø—Ä–æ–¥–∞–º –Ω–æ–≤—ã–µ –Ω–∞—É—à–Ω–∏–∫–∏ green tws (–∫–æ–ø–∏—è airpods).

–∫–æ–º–ø–ª–µ–∫—Ç - –≤—Å–µ, —á—Ç–æ –±—ã–ª–æ –≤ –∫–æ—Ä–æ–±–∫–µ: –Ω–∞—É—à–Ω–∏–∫–∏, –ø—Ä–æ–≤–æ–¥ –¥–ª—è –∑–∞—Ä—è–¥–∫–∏, —á–µ—Ö–æ–ª. —Å–∞–º–æ–π –∫–æ—Ä–æ–±–∫–∏ –Ω–µ—Ç—É, –≤—ã–∫–∏–Ω—É–ª–∏ –ø—Ä–∏ –ø–µ—Ä–µ–µ–∑–¥–µ.

–≤–æ –≤—Ä–µ–º—è –ø—Ä–æ–≤–µ—Ä–∫–∏ —Ä–∞–±–æ—Ç–æ—Å–ø–æ—Å–æ–±–Ω–æ—Å—Ç–∏ —è –∑–∞–º–µ—Ç–∏–ª, —á—Ç–æ –ª–µ–≤—ã–π –Ω–∞—É—à–Ω–∏–∫ –ø–µ—Ä–µ–∫–ª—é—á–∞–µ—Ç —Ç—Ä–µ–∫ –Ω–µ –Ω–∞–∑–∞–¥, –∞ –≤–ø–µ—Ä–µ–¥. –∑–≤—É–∫ —É –Ω–∞—É—à–Ω–∏–∫–æ–≤ —Ö–æ—Ä–æ—à–∏–π, –ø–æ-–º–æ–µ–º—É –Ω–∞ —É—Ä–æ–≤–Ω–µ samsung galaxy buds.

–ª–æ–∫–∞—Ü–∏—è - didi dighomi.

—Ü–µ–Ω–∞ - 40 –ª–∞—Ä–∏.","{""platform"": ""telegram"", ""wall_id"": 1332882905, ""post_id"": 360432}",56,1,165,0.0178571428571428,2.946428571428572,1332882905
27,"–ø—Ä–æ–¥–∞–º –∫—Ä–æ—Å—Å–æ–≤–∫–∏ asics gel-nimbus 24 (–µ–≤—Ä–æ–ø–µ–π—Å–∫–∏–π —Ä–∞–∑–º–µ—Ä 44) –∑–∞ 200 –ª–∞—Ä–∏.
–ø–æ–∫—É–ø–∞–ª –Ω–∞ amazon —Å –¥–æ—Å—Ç–∞–≤–∫–æ–π –≤ –≥—Ä—É–∑–∏—é, –Ω–æ –Ω–µ –ø–æ–¥–æ—à–µ–ª —Ä–∞–∑–º–µ—Ä.","{""platform"": ""telegram"", ""wall_id"": 1332882905, ""post_id"": 412951}",23,3,60,0.1304347826086956,2.608695652173913,1332882905
28,–Ω–æ–≤—ã–µ!!! –æ—Ç–¥–∞–º –∑–∞ 100 –ª–∞—Ä–∏! –ø–æ–¥–∞—Ä–∏–ª–∏ –Ω–∞ –¥—Ä –Ω–µ –ª—é–±–ª—é —á–∞—Å—ã ! —Å–∞–±—É—Ä—Ç–∞–ª–æ. –ø–æ–∫—É–ø–∞–ª–∏ –≤ times!,"{""platform"": ""telegram"", ""wall_id"": 1332882905, ""post_id"": 303583}",15,1,42,0.0666666666666666,2.8,1332882905
29,"–ø—Ä–æ–¥–∞–º
1) –≤–µ—Å—ã xiaomi - 60 –ª–∞—Ä–∏
2) –∫–æ–≤—Ä—ã –¥–ª—è –º—ã—à–∏ varmilo 900—Ö400—Ö3 –º–º - 40 –ª–∞—Ä–∏ —à—Ç—É–∫–∞ (–æ—Ç–¥–∞–º –≤—Å–µ 3 –∑–∞ 100 –ª–∞—Ä–∏)","{""platform"": ""telegram"", ""wall_id"": 1332882905, ""post_id"": 657441}",22,7,62,0.3181818181818182,2.8181818181818183,1332882905
30,"–ø—Ä–æ–¥–∞–º –∂–µ—Å—Ç–∫–∏–π –Ω–∞ —Ç–µ—Ä–∞–±–∞–π—Ç –∏ –ø–ª–∞—à–∫—É –ø–∞–º—è—Ç–∏  ddr4 4gb. 80 –∏ 40 –ª–∞—Ä–∏, –≤–º–µ—Å—Ç–µ –∑–∞ 100 –æ—Ç–¥–∞–º","{""platform"": ""telegram"", ""wall_id"": 1332882905, ""post_id"": 295862}",17,5,50,0.2941176470588235,2.9411764705882355,1332882905
31,–ø—Ä–æ–¥–∞–º –∫–æ–º–±–∏–Ω–µ–∑–æ–Ω –∑–∞—Ä–∞ –Ω–∞–¥–µ–≤–∞–ª–∞ –æ–¥–∏–Ω —Ä–∞–∑ –Ω–∞ 2 —á–∞—Å–∞(–Ω–∞ —Å–≤–∞–¥—å–±—É)—Ä–∞–∑–º–µ—Ä xs –ø–æ–∫—É–ø–∞–ª–∞ –∑–∞ 230 –æ—Ç–¥–∞–º –∑–∞ –ø–æ–ª —Ü–µ–Ω—ã,"{""platform"": ""telegram"", ""wall_id"": 1332882905, ""post_id"": 727517}",20,2,50,0.1,2.5,1332882905
32,"–∫–æ—Ñ—Ç–∞ bershka

üíô —Ä–∞–∑–º–µ—Ä m
üíô –¥–ª–∏–Ω–Ω—ã–π —Ä—É–∫–∞–≤
üíô –ø—Ä–∏—è—Ç–Ω—ã–π –Ω–∞–æ—â—É–ø—å –º–∞—Ç–µ—Ä–∏–∞–ª 

7‚Çæ / 225‚ÇΩ

–∑–∞–±—Ä–∞—Ç—å –º–æ–∂–Ω–æ –≤ –¥–∏–¥–∏ –¥–∏–≥–æ–º–∏ –∏–ª–∏ –Ω–∞ –ª—é–±–æ–π —Å—Ç–∞–Ω—Ü–∏–∏ –º–µ—Ç—Ä–æ –ø–æ –ø—Ä–µ–¥–≤–∞—Ä–∏—Ç–µ–ª—å–Ω–æ–π –¥–æ–≥–æ–≤–æ—Ä—ë–Ω–Ω–æ—Å—Ç–∏ 

#—Ç–±–∏–ª–∏—Å–∏","{""platform"": ""telegram"", ""wall_id"": 1332882905, ""post_id"": 456472}",29,2,91,0.0689655172413793,3.1379310344827585,1332882905
33,"–ø—Ä–æ–¥–∞—é –¥—É—Ö–∏,  –≤—Å–µ –æ—Ç —Å–µ—Ñ–æ—Ä–∞, –æ—Ä–∏–≥–∏–Ω–∞–ª 
jean paul gaultier so scandal 50 ml 200 gel
ysl libre 30 ·Éõ·Éö 160 gel
lancome la nuit tresor 30 ml 150 ·Éö
lancome idole aura 25 ·Éõ·Éö 150 gel
narciso rodriguez for her 50 ml 200 gel.","{""platform"": ""telegram"", ""wall_id"": 1332882905, ""post_id"": 476783}",44,10,102,0.2272727272727272,2.3181818181818183,1332882905
34,"—Å—Ç–æ–ª –æ–±–µ–¥–µ–Ω–Ω—ã–π —Ä–∞–∑–¥–≤–∏–∂–Ω–æ–π ikea , –Ω–æ–≤—ã–π –≤ —É–ø–∞–∫–æ–≤–∫–µ, –ø–æ–∫—É–ø–∞–ª –∑–∞ 230‚Ç¨ + –¥–æ—Å—Ç–∞–≤–∫–∞ –∏ —Ç–∞–º–æ–∂–Ω—è , –æ—Ç–¥–∞–º –∑–∞ 520 –ª–∞—Ä","{""platform"": ""telegram"", ""wall_id"": 1332882905, ""post_id"": 579655}",18,2,49,0.1111111111111111,2.7222222222222223,1332882905
35,"—Ä–∞—Å–∫–ª–∞–¥–Ω–æ–π —Å—Ç–æ–ª. –Ω–æ–∂–∫–∏ –∏ –ø–æ–¥—Å—Ç–æ–ª—å–µ - –±—É–∫. –Ω–∞ —Å—Ç–æ–ª–µ—à–Ω–∏—Ü–µ —à–ø–æ–Ω –∞–º–µ—Ä–∏–∫–∞–Ω—Å–∫–æ–≥–æ –æ—Ä–µ—Ö–∞, –¥—É–±–∞ –∏ –±—É–∫–∞.
—Ä–∞–∑–º–µ—Ä—ã –≤ —Å–ª–æ–∂–µ–Ω–Ω–æ–º —Å–æ—Å—Ç–æ—è–Ω–∏–∏ –≤—Ö–¥—Ö—à 82—Ö115—Ö99
850 –ª–∞—Ä–∏","{""platform"": ""telegram"", ""wall_id"": 1332882905, ""post_id"": 472722}",22,2,77,0.0909090909090909,3.5,1332882905
36,"–ø—Ä–æ–¥–∞–º –∂–µ–Ω—Å–∫—É—é –æ–±—É–≤—å: 

–≤—Å–µ —Ä–∞–∑–º–µ—Ä—ã 38-39

1. –¥–æ–º–∞—à–Ω–∏–µ —Ç–∞–ø–æ—á–∫–∏, –ø—É—à–∏—Å—Ç—ã–µ - 5 –ª–∞—Ä–∏ 

2. —Ä–æ–∑–æ–≤—ã–µ –±–∞–ª–µ—Ç–∫–∏ - 10 –ª–∞—Ä–∏. –Ω–∞–¥–µ–≤–∞–ª–∏—Å—å 1 —Ä–∞–∑, —Å–æ—Å—Ç–æ—è–Ω–∏–µ –∏–¥–µ–∞–ª—å–Ω–æ–µ

3. –±–µ–∂–µ–≤—ã–µ –±–∞–ª–µ—Ç–∫–∏ - 30 –ª–∞—Ä–∏. –Ω–∞–¥–µ–≤–∞–ª–∏—Å—å 1 —Ä–∞–∑, —Å–æ—Å—Ç–æ—è–Ω–∏–µ –∏–¥–µ–∞–ª—å–Ω–æ–µ 

–∑–∞–±–∏—Ä–∞—Ç—å –æ–∫–æ–ª–æ –º–µ—Ç—Ä–æ –∏—Å–∞–Ω–∏, –∫–æ–º–ø–ª–µ–∫—Å archi isani. —Ç–∞–∫–∂–µ –º–æ–∂–Ω–æ —è–Ω–¥–µ–∫—Å –¥–æ—Å—Ç–∞–≤–∫–æ–π –æ—Ç–ø—Ä–∞–≤–∏—Ç—å.","{""platform"": ""telegram"", ""wall_id"": 1332882905, ""post_id"": 742377}",44,9,157,0.2045454545454545,3.5681818181818183,1332882905
37,"–¥–æ–±—Ä—ã–π –¥–µ–Ω—å, –ø—Ä–æ–¥–∞—é —Å–≤–æ–π —Ç–µ–ª–µ—Ñ–æ–Ω, –∫—É–ø–∏–ª 5 –º–µ—Å—è—Ü–µ–≤ –Ω–∞–∑–∞–¥, –≥–∞—Ä–∞–Ω—Ç–∏—è –¥–æ –∫–æ–Ω—Ü–∞ –≥–æ–¥–∞. –∫–æ–º–ø–ª–µ–∫—Ç–∞—Ü–∏—è: –∫–æ—Ä–æ–±–∫–∞, —á–µ—Ö–æ–ª, –ø—Ä–æ–≤–æ–¥ –∏ –ø—Ä–æ–≤–æ–¥–Ω—ã–µ –Ω–∞—É—à–Ω–∏–∫–∏ —Ü–µ–Ω–∞ 1800 –ª–∞—Ä–∏ –∏–ª–∏ –∂–µ –≤–æ–∑–º–æ–∂–µ–Ω –æ–±–º–µ–Ω –Ω–∞ –∞–π—Ñ–æ–Ω —Å –≤–∞—à–µ–π –¥–æ–ø–ª–∞—Ç–æ–π)","{""platform"": ""telegram"", ""wall_id"": 1332882905, ""post_id"": 398884}",32,2,94,0.0625,2.9375,1332882905
38,"–ø—Ä–æ–¥–∞–µ—Ç—Å—è –ª—É–±—Ä–∏–∫–∞–Ω—Ç durex / –¥—é—Ä–µ–∫—Å —Å —Å–æ–≥—Ä–µ–≤–∞—é—â–∏–º —ç—Ñ—Ñ–µ–∫—Ç–æ–º - 100–º–ª. –ø–æ–ª–Ω—ã–π –Ω–∞ 99.5%
–∫—É–ø–ª–µ–Ω 3 –¥–Ω—è –Ω–∞–∑–∞–¥. –Ω–µ –ø–æ–¥–æ—à–µ–ª, —Ü–µ–Ω–∞ 15 –ª–∞—Ä–∏","{""platform"": ""telegram"", ""wall_id"": 1332882905, ""post_id"": 846529}",21,4,69,0.1904761904761904,3.2857142857142856,1332882905
39,"–ø—Ä–æ–¥–∞—é:
1 - –Ω–æ–≤—ã–π –ø–∞—Ä—Ñ—é–º queen of seduction by antonio banderas - 90 gel
–ø–æ–¥–∞—Ä–∏–ª–∏, –Ω–µ –ø–æ–¥–æ—à—ë–ª –∞—Ä–æ–º–∞—Ç
2 - —Å–µ—Ä—å–≥–∏ —Ä—É—á–Ω–æ–π —Ä–∞–±–æ—Ç—ã:
   - –∏–∑ –±–∏—Å–µ—Ä–∞ 120 gel
   - –∏–∑ —Ö—Ä—É—Å—Ç–∞–ª—è 150 gel 
3 - –æ–∂–µ—Ä–µ–ª—å–µ - 100 gel
—Ç–æ–ª—å–∫–æ –Ω–∞–ª–∏—á–Ω—ã–º–∏. —Å–∞–±—É—Ä—Ç–∞–ª–æ. –¥–æ–ª–∏–¥–∑–µ","{""platform"": ""telegram"", ""wall_id"": 1332882905, ""post_id"": 350850}",36,7,108,0.1944444444444444,3.0,1332882905
40,"üëî –ø—Ä–æ–¥–∞–º —Ä—É–±–∞—à–∫–∏ massimo dutti¬† –≤ —Ö–æ—Ä–æ—à–µ–º —Å–æ—Å—Ç–æ—è–Ω–∏–∏, —Ä–∞–∑–º–µ—Ä m

–ø–æ 15 –ª–∞—Ä–∏.

üëî —Ä—É–±–∞—à–∫–∞ venti, —Ä–∞–∑–º–µ—Ä –º.

10 –ª–∞—Ä–∏.

üëî —Ä—É–±–∞—à–∫–∞-–º–∏–∫—Ä–æ–≤–∏–ª—å–≤–µ—Ç authentic, —Ä–∞–∑–º–µ—Ä s.

10 –ª–∞—Ä–∏.

üëñ —Å–≤–µ—Ç–ª—ã–µ –¥–∂–∏–Ω—Å—ã h&m, —Ä–∞–∑–º–µ—Ä 46 –≤ –∏–¥–µ–∞–ª—å–Ω–æ–º —Å–æ—Å—Ç–æ—è–Ω–∏–∏.

20 –ª–∞—Ä–∏.

–≤—Å—ë –≤ –º–µ—Å—Ç–µ- 50 –ª–∞—Ä–∏","{""platform"": ""telegram"", ""wall_id"": 1332882905, ""post_id"": 610562}",44,6,122,0.1363636363636363,2.772727272727273,1332882905
41,"–ø—Ä–æ–¥–∞–º –∫–æ—Å—Ç—ã–ª–∏, –∏—Å–ø–æ–ª—å–∑–æ–≤–∞–ª–∏—Å—å –æ—á–µ–Ω—å –º–∞–ª–æ. 30 –ª–∞—Ä–∏","{""platform"": ""telegram"", ""wall_id"": 1332882905, ""post_id"": 376033}",7,1,24,0.1428571428571428,3.4285714285714284,1332882905
42,"–≤ –ø—Ä–æ–¥–∞–∂–µ ipad pro 12.9 2 generation 64gb —Å sim. –ø–ª–∞–Ω—à–µ—Ç –≤ –∏–¥–µ–∞–ª—å–Ω–æ–º —Å–æ—Å—Ç–æ—è–Ω–∏–∏, —Å—Ä–∞–∑—É –∂–µ —Å –º–∞–≥–∞–∑–∏–Ω–∞ –∑–∞—â–∏—Ç–Ω–æ–µ —Å—Ç–µ–∫–ª–æ –∏ —á–µ—Ö–æ–ª. –Ω–∏ —Ä–∞–∑—É –Ω–µ –ø–∞–¥–∞–ª, –Ω–µ –≤—Å–∫—Ä—ã–≤–∞–ª—Å—è –∏ —Ç–¥. –æ—Ç–ø–µ—á–∞—Ç–æ–∫ —Ä–∞–±–æ—Ç–∞–µ—Ç. —á–µ—Ö–æ–ª-–∫–Ω–∏–∂–∫–∞ –≤ –ø–æ–¥–∞—Ä–æ–∫. —Ü–µ–Ω–∞ 800 –ª–∞—Ä–∏","{""platform"": ""telegram"", ""wall_id"": 1332882905, ""post_id"": 799110}",39,4,104,0.1025641025641025,2.6666666666666665,1332882905
43,–ø—Ä–æ–¥–∞–º –∫–æ–Ω—Å–æ–ª –Ω–∞ –ø–ª–µ—Å—Ç–µ–π—à–∏–Ω 4 –∑–∞ 70–ª–∞—Ä–∏,"{""platform"": ""telegram"", ""wall_id"": 1332882905, ""post_id"": 698608}",7,2,22,0.2857142857142857,3.142857142857143,1332882905
44,"–≤—Å–µ–º –ø—Ä–∏–≤–µ—Ç –ø—Ä–æ–¥–∞—é apple watch series 5 nike plus 44 –º–º, –µ—Å—Ç—å –æ–¥–∏–Ω –ø—Ä–æ–±–ª–µ–º–∞ –Ω–µ–±–æ–ª—å—à–æ–π —Ü–∞—Ä–∞–ø–∏–Ω–∞ –µ—Å—Ç—å, –∫—Ä–æ–º–µ —Ç–æ–≥–æ –Ω–∏–∫–∞–∫ –ø—Ä–æ–±–ª–µ–º—ã –Ω–µ—Ç—É —É–∂–µ –±–æ–ª–µ–µ –¥–≤—É—Ö –≥–æ–¥–∞ –∏—Å–ø–æ–ª—å–∑—É—é, —Ü–∞—Ä–∞–ø–∏–Ω—ã –Ω–µ –º–µ—à–∞—é—Ç —Ä–∞–±–æ—Ç–∞—Ç—å, —Ü–µ–Ω–∞ 215 –ª–∞—Ä–∏, —Ç–æ—Ä–≥ —É–º–µ—Å—Ç–µ–Ω ‚ùóÔ∏è‚ùóÔ∏è‚ùóÔ∏è —Å—Ä–æ—á–Ω–æ –ø—Ä–æ–¥–∞—é—Ç—Å—è , –ø—Ä–æ—Å—Ç–æ –Ω—É–∂–Ω—ã–µ –¥–µ–Ω—å–≥–∏ –∞ —Ç–∞–∫ –± –Ω–µ –ø—Ä–æ–¥–∞–≤–∞–ª‚ùóÔ∏è‚ùóÔ∏è‚ùóÔ∏è","{""platform"": ""telegram"", ""wall_id"": 1332882905, ""post_id"": 813191}",47,3,139,0.0638297872340425,2.9574468085106385,1332882905
45,"–ø—Ä–æ–¥–∞–º playstation 5 digital, –æ–¥–∏–Ω –≥–µ–π–º–ø–∞–¥.

—Å–æ—Å—Ç–æ—è–Ω–∏–µ –æ—Ç–ª–∏—á–Ω–æ–µ, –∏–≥—Ä–∞–ª –º–∞–ª–æ. 

1200 –ª–∞—Ä–∏, —Å–∞–±—É—Ä—Ç–∞–ª–æ.","{""platform"": ""telegram"", ""wall_id"": 1332882905, ""post_id"": 412255}",13,2,48,0.1538461538461538,3.692307692307693,1332882905
46,—Å—Ä–æ—á–Ω–æ –ø—Ä–æ–¥–∞–º —Ä–∞—Å–∫–ª–∞–¥–Ω–æ–π –¥–∏–≤–∞–Ω + –∫—Ä–µ—Å–ª–æ. —Ü–µ–Ω–∞ 50 –ª–∞—Ä–∏. —Å–∞–º–æ–≤—ã–≤–æ–∑ —Ä–∞–π–æ–Ω –ø–ª–µ—Ö–∞–Ω–æ–≤–∞,"{""platform"": ""telegram"", ""wall_id"": 1332882905, ""post_id"": 384224}",12,1,40,0.0833333333333333,3.333333333333333,1332882905
47,"–º—É–∂—Å–∫–∏–µ –¥–∂–∏–Ω—Å—ã zara, —Ä–∞–∑–º–µ—Ä: 42 (–µ–≤—Ä–æ–ø–µ–π—Å–∫–∏–π)

50 –ª–∞—Ä–∏
–∑–∞–±—Ä–∞—Ç—å –º–æ–∂–Ω–æ –Ω–∞ –º. –≥—Ä–º–∞–≥–µ–ª–µ / –ø–æ –¥–æ–≥–æ–≤–æ—Ä–µ–Ω–Ω–æ—Å—Ç–∏ –≤ —Ü–µ–Ω—Ç—Ä–µ","{""platform"": ""telegram"", ""wall_id"": 1332882905, ""post_id"": 760453}",18,2,54,0.1111111111111111,3.0,1332882905
48,"–ø–æ—Å–ª–µ–¥–Ω—è—è –Ω–µ–¥–µ–ª—è –≤ –≥—Ä—É–∑–∏–∏, —Å—Ä–æ—á–Ω–æ
–ø—Ä–æ–¥–∞–º –∏–≥—Ä–æ–≤–æ–π –Ω–æ—É—Ç–±—É–∫ msi gs75 stealth-248 
- –±—ã—Å—Ç—Ä—ã–π —ç–∫—Ä–∞–Ω 17 –¥—é–π–º–æ–≤, 
- intel i7 8750h, 
- ram 16gb, 
- geforce rtx 2060, 
- 2 —Å–ª–æ—Ç–∞ –¥–ª—è ssd (256 + 512)
–Ω–æ—É—Ç–±—É–∫ –≤ –∏–¥–µ–∞–ª—å–Ω–æ–º —Å–æ—Å—Ç–æ—è–Ω–∏–∏, –Ω–æ –Ω–µ —Ä–∞–±–æ—Ç–∞–µ—Ç –∫–Ω–æ–ø–∫–∞ h/—Ä (–≤ —Ü–µ–Ω—Ç—Ä–µ –∫–ª–∞–≤–∏–∞—Ç—É—Ä—ã). 
–≤ –æ—Å—Ç–∞–ª—å–Ω–æ–º -- —Ç–æ–Ω–∫–∏–π, –ª–µ–≥–∫–∏–π, –∏ –∏–≥—Ä—ã —Ç—è–Ω–µ—Ç, –∏ –ª—é–±—ã–µ —Ä–∞–±–æ—á–∏–µ –∑–∞–¥–∞—á–∏.

700 –¥–æ–ª–ª–∞—Ä–æ–≤ –∏–ª–∏ 1850 –ª–∞—Ä–∏, —Ü–µ–Ω—É –æ–±—Å—É–¥–∏–º.","{""platform"": ""telegram"", ""wall_id"": 1332882905, ""post_id"": 647279}",61,12,192,0.1967213114754098,3.1475409836065573,1332882905
49,"–ø—Ä–æ–¥–∞–º —Ç–µ–ª–µ–≤–∏–∑–æ—Ä hisense 43a7gq 43 –¥—é–π–º–∞
smart tv, qled4k
–≤ –æ—Ç–ª–∏—á–Ω–æ–º —Å–æ—Å—Ç–æ—è–Ω–∏–∏. –±—ã–ª –∫—É–ø–ª–µ–Ω 25.12.22
–µ—Å—Ç—å –≤—Å–µ –¥–æ–∫—É–º–µ–Ω—Ç—ã –∏ –∫–æ—Ä–æ–±–∫–∞.
—Ä–∞–π–æ–Ω —Ü—Ö–Ω–µ—Ç–∏ (–º–æ–∂–µ–º –¥–æ–≥–æ–≤–æ—Ä–∏—Ç—å—Å—è –æ –¥–æ—Å—Ç–∞–≤–∫–µ)
—Ü–µ–Ω–∞ 750 –ª–∞—Ä–∏

–±–æ–ª—å—à–µ –≤—Å–µ–≥–æ —Ä–∞–∑–Ω–æ–≥–æ –∏–∑ –Ω–∞—à–µ–π –≥–∞—Ä–∞–∂–Ω–æ–π —Ä–∞—Å–ø—Ä–æ–¥–∞–∂–∏ ‚Äî –≤ —Ç–µ–ª–µ–≥—Ä–∞–º-–∫–∞–Ω–∞–ª–µ, —Å—Å—ã–ª–∫–∞ –≤ –ø—Ä–æ—Ñ–∏–ª–µ","{""platform"": ""telegram"", ""wall_id"": 1332882905, ""post_id"": 635812}",43,5,135,0.1162790697674418,3.13953488372093,1332882905
50,"–ø—Ä–æ–¥–∞–º –º–Ω–æ–≥–æ –∂–µ–Ω—Å–∫–æ–π –æ–¥–µ–∂–¥—ã, —Ü–µ–Ω—ã –∏ —Ä–∞–∑–º–µ—Ä—ã –Ω–∞ —Ñ–æ—Ç–æ.

–Ω–æ–≤–æ–µ —Å–µ—Ç—á–∞—Ç–æ–µ —á—ë—Ä–Ω–æ–µ –±–æ–¥–∏ intimissimi, —Ä–∞–∑–º–µ—Ä s. –≤ –∫–æ—Ä–æ–±–∫–µ, —Å —á–µ–∫–æ–º –∏ —è—Ä–ª—ã–∫–∞–º–∏. –ø–æ–∫—É–ø–∞–ª–æ—Å—å –∑–∞ 120, –ø—Ä–æ–¥–∞–º –∑–∞ 80 –ª–∞—Ä–∏

–Ω–µ—Ñ—Ä–∏—Ç–æ–≤—ã–π –º–∞—Å—Å–∞–∂—ë—Ä –¥–ª—è –ª–∏—Ü–∞, 10 –ª–∞—Ä–∏

—Å–µ—Ä—å–≥–∏ –∏ –∫–æ–ª—å—Ü–æ - —Å–µ—Ä–µ–±—Ä–æ, –º–∞–ª–∞—Ö–∏—Ç, 50 –ª–∞—Ä–∏

–ø–∏–Ω—Ü–µ—Ç —Å –ø–æ–¥—Å–≤–µ—Ç–∫–æ–π oriflame, –Ω–æ–≤—ã–π, 10 –ª–∞—Ä–∏

–≤–∞–∫–µ","{""platform"": ""telegram"", ""wall_id"": 1332882905, ""post_id"": 599265}",50,5,156,0.1,3.12,1332882905
51,"–±–æ–¥–∏ bershka ‚ö°Ô∏è 
s —Ä–∞–∑–º–µ—Ä. –≤–∏—Å–∫–æ–∑–∞ —Å —Ö–ª–æ–ø–∫–æ–º –∏ —ç–ª–∞—Å—Ç–∞–Ω–æ–º. –æ–¥–∏–Ω —Ä–∞–∑ –Ω–æ—Å–∏–ª–∞. 

—Ü–µ–Ω–∞: 35 –ª–∞—Ä–∏","{""platform"": ""telegram"", ""wall_id"": 1332882905, ""post_id"": 818522}",16,1,47,0.0625,2.9375,1332882905
52,"–ø—Ä–æ–¥–∞–º —Å—Ç–æ–ª 65*55*70 - 50 –ª–∞—Ä–∏, –≥—Ä–∏–ª—å/–≤–∞—Ñ–µ–ª—å–Ω–∏—Ü–∞ - 100–ª–∞—Ä–∏, –±–ª–µ–Ω–¥–µ—Ä 100 –ª–∞—Ä–∏. –≤—Å—ë –≤ –∏—Å–∞–Ω–∏","{""platform"": ""telegram"", ""wall_id"": 1332882905, ""post_id"": 323990}",15,6,51,0.4,3.4,1332882905
53,"–ø—Ä–æ–¥–∞—é —Å–µ—Ä–∏—é –∫–Ω–∏–≥ ""–≥–∞—Ä—Ä–∏ –ø–æ—Ç—Ç–µ—Ä"", –∏–∑–¥–∞—Ç–µ–ª—å—Å—Ç–≤–∞ —Ä–æ—Å–º—ç–Ω, —Ä–µ–¥–∞–∫—Ü–∏–∏ –ª–∏—Ç–≤–∏–Ω–æ–≤–æ–π. —Ç–∞–∫–∏—Ö —É–∂–µ –Ω–µ –Ω–∞–π—Ç–∏ –≤ –∫–Ω–∏–∂–Ω—ã—Ö –º–∞–≥–∞–∑–∏–Ω–∞—Ö, —Ç–µ–º –±–æ–ª–µ–µ –≤ –≥—Ä—É–∑–∏–∏. :)

—Å–æ—Å—Ç–æ—è–Ω–∏–µ –æ—Ç–ª–∏—á–Ω–æ–µ, –µ—Å—Ç—å –Ω–µ–∑–Ω–∞—á–∏—Ç–µ–ª—å–Ω—ã–µ —Å–ª–µ–¥—ã —Ç—Ä–∞–Ω—Å–ø–æ—Ä—Ç–∏—Ä–æ–≤–∫–∏, –Ω–µ –±–æ–ª–µ–µ —Ç–æ–≥–æ, –∫–æ—Ä–µ—à–æ–∫ –µ—â—ë —Ö—Ä—É—Å—Ç–∏—Ç, –∫–Ω–∏–≥–∏ –∏—Å–ø–æ–ª—å–∑–æ–≤–∞–ª–∏—Å—å –∫–∞–∫ –ø—Ä–µ–¥–º–µ—Ç –∏–Ω—Ç–µ—Ä—å–µ—Ä–∞, –¥–ª—è –∫–æ–ª–ª–µ–∫—Ü–∏–∏. –ø—Ä–æ–¥–∞—é, –ø–æ—Ç–æ–º—É —á—Ç–æ —Å—Ç–∞–ª–æ —Å–ª–æ–∂–Ω–æ –ø—É—Ç–µ—à–µ—Å—Ç–≤–æ–≤–∞—Ç—å —Å –Ω–∏–º–∏.

—Ü–µ–Ω–∞: 45$
–ª–æ–∫–∞—Ü–∏—è: –¥–∏–¥–∏ –¥–∏–≥–æ–º–∏

—Ç–æ—Ä–≥ - –Ω–∞ –≤–∞—à–µ–π —Å–æ–≤–µ—Å—Ç–∏ :) (–Ω–æ–≤—ã–π –∫–æ–º–ø–ª–µ–∫—Ç –≤ —Ä—Ñ —Å—Ç–æ–∏–ª ~60$) 

—Å–¥–µ–ª–∫–∞ —Ç–æ–ª—å–∫–æ –ø—Ä–∏ –ª–∏—á–Ω–æ–π –≤—Å—Ç—Ä–µ—á–µ.","{""platform"": ""telegram"", ""wall_id"": 1332882905, ""post_id"": 440042}",67,2,212,0.0298507462686567,3.164179104477612,1332882905
54,"üëã hookah store tbilisi - —Ç–∞–±–∞–∫ –¥–ª—è –∫–∞–ª—å—è–Ω–∞, —ç–ª–µ–∫—Ç—Ä–æ–Ω–Ω—ã–µ —Å–∏–≥–∞—Ä–µ—Ç—ã, –∂–∏–¥–∫–æ—Å—Ç–∏, —É–≥–ª–∏, —á–∞—à–∏ –∏ –¥—Ä—É–≥–∏–µ –∫–æ–º–ø–ª–µ–∫—Ç—É—é—â–∏–µ –¥–ª—è –∫—É—Ä–µ–Ω–∏—è —Å –±—ã—Å—Ç—Ä–æ–π –¥–æ—Å—Ç–∞–≤–∫–æ–π –∑–∞ 1 —á–∞—Å!

üî• —Ç–∞–±–∞–∫–∏ üî•
- darkside
- must have
- daily hookah
- sebero
- –∫–∞–ª—å—è–Ω—ã, —á–∞—à–∏, —É–≥–ª–∏ –∏ –∫–æ–º–ø–ª–µ–∫—Ç—É—é—â–∏–µ

üî• —ç–ª–µ–∫—Ç—Ä–æ–Ω–Ω—ã–µ —Å–∏–≥–∞—Ä–µ—Ç—ã üî•
- hqd
- elf bar
- vecee
- –∂–∏–¥–∫–æ—Å—Ç–∏

üîû*–≤—Å—è –ø—Ä–æ–¥—É–∫—Ü–∏—è –æ—Ä–∏–≥–∏–Ω–∞–ª—å–Ω–∞—è –∏ –∏–º–µ–µ—Ç –∞–∫—Ü–∏–∑–Ω—É—é –º–∞—Ä–∫—É.

‚ö°Ô∏è –∑–∞–∫–∞–∑ –∏ –¥–æ—Å—Ç–∞–≤–∫–∞ ‚ö°Ô∏è
- –∑–∞–∫–∞–∑, –¥–æ—Å—Ç–∞–≤–∫–∞, –ø–æ–º–æ—â—å –≤ –≤—ã–±–æ—Ä–µ –∏ –∫–æ–Ω—Å—É–ª—å—Ç–∞—Ü–∏—è - @hookahstoremanager

____
–±–æ–ª–µ–µ –ø–æ–¥—Ä–æ–±–Ω–∞—è –∏–Ω—Ñ–æ—Ä–º–∞—Ü–∏—è –≤ –Ω–∞—à–∏—Ö –æ—Ñ–∏—Ü–∏–∞–ª—å–Ω—ã—Ö —Ä–µ—Å—É—Ä—Å–∞—Ö:
üí¨ @hookahstoretbilisi
üìπ instagram.com/hookah_store_tbilisi/
üì± hookahsstore.com

üìç sulkhan tsintsadze, 39


–ø–æ—Å—Ç —Å–æ–≥–ª–∞—Å–æ–≤–∞–Ω —Å –∞–¥–º–∏–Ω–∏—Å—Ç—Ä–∞—Ü–∏–µ–π","{""platform"": ""telegram"", ""wall_id"": 1332882905, ""post_id"": 311647}",91,2,306,0.0219780219780219,3.3626373626373627,1332882905
55,"–∫—É—Ä—Ç–∫–∞ zara man 
—Ä–∞–∑–º–µ—Ä s
–Ω–æ–≤–∞—è.
–Ω–∞ –º–µ–Ω—è —á—É—Ç—å –≤–µ–ª–∏–∫–æ–≤–∞—Ç–∞, –∫–∞–∫ –∂–µ–Ω—Å–∫–∞—è m 

80–ª–∞—Ä–∏ (–ø–æ–∫—É–ø–∞–ª–∞ –∑–∞ 150)

–º–µ—Ç—Ä–æ –Ω–∞–¥–∑–∞–ª–∞–¥–µ–≤–∏","{""platform"": ""telegram"", ""wall_id"": 1332882905, ""post_id"": 383141}",19,2,57,0.1052631578947368,3.0,1332882905
56,"–ø—Ä–æ–¥–∞–º –≤–∏—Ç–∞–º–∏–Ω—ã d-3. 
5000 –º–µ. 120 —à—Ç—É–∫. 
–Ω–æ–≤–∞—è —É–ø–∞–∫–æ–≤–∫–∞. –¥–ª—è —Ç–µ—Ö –∫—Ç–æ –ø–æ—Å—Ç–æ—è–Ω–Ω–æ –º–µ—Ä–∑–Ω–µ—Ç.
35 –ª–∞—Ä–∏","{""platform"": ""telegram"", ""wall_id"": 1332882905, ""post_id"": 711965}",17,4,53,0.2352941176470588,3.117647058823529,1332882905
57,—Ä–æ–ª–ª –º–∞—Å—Å–∞–∂–Ω—ã–π –¥–ª—è —Ñ–∏—Ç–Ω–µ—Å–∞/–π–æ–≥–∏. 30 –ª–∞—Ä–∏,"{""platform"": ""telegram"", ""wall_id"": 1332882905, ""post_id"": 821531}",6,1,23,0.1666666666666666,3.8333333333333335,1332882905
58,"–∫—Ä–æ—Å—Å–æ–≤–∫–∏ dior
—É–∑–Ω–∞–≤–∞–µ–º–∞—è –º–æ–¥–µ–ª—å d-connect
—Ç–µ–º–Ω–æ-–∑–µ–ª–µ–Ω—ã–µ
—Ä–∞–∑–º–µ—Ä –º–∞—Ä–∫–∏—Ä–æ–≤–∫–∞ 38, —Ä–∞–∑–º–µ—Ä –≤ —Ä–∞–∑–º–µ—Ä
—Ç–∫–∞–Ω—å, —Ä–µ–∑–∏–Ω–∞
350$ –¥–æ–ª–ª —Å—à–∞","{""platform"": ""telegram"", ""wall_id"": 1332882905, ""post_id"": 416694}",19,2,59,0.1052631578947368,3.1052631578947367,1332882905
59,manifics –Ω–∞—Ä—É—à–∏–ª –ø—Ä–∞–≤–∏–ª–∞ —á–∞—Ç–∞ –∏ –Ω–µ —Å–º–æ–∂–µ—Ç –ø–∏—Å–∞—Ç—å –¥–æ 15.08.2023 11:49:23. –ø—Ä–∞–≤–∏–ª–∞ —á–∞—Ç–æ–≤,"{""platform"": ""telegram"", ""wall_id"": 1332882905, ""post_id"": 555845}",15,4,41,0.2666666666666666,2.7333333333333334,1332882905
60,(19) () –Ω–∞—Ä—É—à–∏–ª –ø—Ä–∞–≤–∏–ª–∞ —á–∞—Ç–∞ –∏ –Ω–µ —Å–º–æ–∂–µ—Ç –ø–∏—Å–∞—Ç—å –¥–æ 29.09.2023 13:07:15. –ø—Ä–∞–≤–∏–ª–∞ —á–∞—Ç–æ–≤,"{""platform"": ""telegram"", ""wall_id"": 1332882905, ""post_id"": 646903}",15,5,42,0.3333333333333333,2.8,1332882905
61,"–ø—Ä–æ–¥–∞–º nintendo wii u
–ø—Ä–æ—à–∏—Ç–∞, –≤ –æ—Ç–ª–∏—á–Ω–æ–º —Å–æ—Å—Ç–æ—è–Ω–∏–∏. —ç–∫—Ä–∞–Ω –±–µ–∑ —Ü–∞—Ä–∞–ø–∏–Ω. –≤–µ—Å—å –Ω–∞–±–æ—Ä –ø—Ä–æ–≤–æ–¥–æ–≤, –±–µ–∑ –∫–æ—Ä–æ–±–∫–∏.
—Ü–µ–Ω–∞: 400 –ª–∞—Ä–∏","{""platform"": ""telegram"", ""wall_id"": 1332882905, ""post_id"": 481122}",19,1,57,0.0526315789473684,3.0,1332882905
62,"–ø–æ–ª–æ lyle & scott. –Ω–∞–¥–µ–≤–∞–ª —Ä–∞–∑–∞ 3. 100% —Ö–ª–æ–ø–æ–∫, —Ä–∞–∑–º–µ—Ä –º, relaxed fit. –æ—Ç–ª–∏—á–Ω—ã–π –≤–∞—Ä–∏–∞–Ω—Ç –Ω–∞ –∂–∞—Ä–∫—É—é –ø–æ–≥–æ–¥—É. 50 –ª–∞—Ä–∏","{""platform"": ""telegram"", ""wall_id"": 1332882905, ""post_id"": 541136}",20,3,55,0.15,2.75,1332882905
63,–ø—Ä–æ–¥–∞–º –æ–¥–Ω–∏–º –ª–æ—Ç–æ–º –µ—Å—Ç—å –ø—Ä–æ–¥—É–∫—Ç—ã –∫–æ—Ç–æ—Ä—ã–µ –≤–æ–æ–±—â–µ –Ω–æ–≤—ã–µ 25 –ª–∞—Ä–∏,"{""platform"": ""telegram"", ""wall_id"": 1332882905, ""post_id"": 490502}",10,1,27,0.1,2.7,1332882905
64,"–ø—Ä–æ–¥–∞–º –ø–∏–≤–æ–≤–∞—Ä–Ω—é brewmaster. –ø—Ä–æ–∏–∑–≤–æ–¥—Å—Ç–≤–æ - –≥–µ—Ä–º–∞–Ω–∏—è.
–º–æ—â–Ω–æ—Å—Ç—å - 4.5 –∫–≤—Ç, –Ω–∞–ø—Ä—è–∂–µ–Ω–∏–µ - 220 –≤. 
–¥–≤–∞ —Ç–µ–Ω–∞. –¥–≤–∞ –∏—Ç–∞–ª—å—è–Ω—Å–∫–∏—Ö –Ω–∞—Å–æ—Å–∞. 
–æ–±—ä–µ–º - 100–ª. –ø—Ä–æ–∏–∑–≤–æ–¥–∏—Ç–µ–ª—å–Ω–æ—Å—Ç—å - 80–ª.
–º–æ–∂–Ω–æ –ª–µ–≥–∫–æ –ø–µ—Ä–µ–æ–±–æ—Ä—É–¥–æ–≤–∞—Ç—å –ø–æ–¥ —Å–∞–º–æ–≥–æ–Ω–Ω—ã–π –∞–ø–ø–∞—Ä–∞—Ç. 
—Ü–µ–Ω–∞ - 3000 –ª–∞—Ä–∏.
—Ç–µ–ª. +995593117306","{""platform"": ""telegram"", ""wall_id"": 1332882905, ""post_id"": 847579}",33,6,125,0.1818181818181818,3.787878787878788,1332882905
65,"–≤—Å–µ–º –ø—Ä–∏–≤–µ—Ç!
–ø—Ä–æ–¥–∞—é –æ—Ç–ø–∞—Ä–∏–≤–∞—Ç–µ–ª—å philips
—Å–æ—Å—Ç–æ—è–Ω–∏–µ –∏–¥–µ–∞–ª—å–Ω–æ–µ, –ø–æ–ª—å–∑–æ–≤–∞–ª–∞—Å—å —Ä–∞–∑ 10
–µ—Å—Ç—å –≥–∞—Ä–∞–Ω—Ç–∏—è

—Ü–µ–Ω–∞: 300 gel 200 gel
–ø—Ä–∏—á–∏–Ω–∞ –ø—Ä–æ–¥–∞–∂–∏: –ø–µ—Ä–µ–µ–∑–¥
–ª–æ–∫–∞—Ü–∏—è: —Å–∞–±—É—Ä—Ç–∞–ª–æ, —É–ª. —É–Ω–∏–≤–µ—Ä—Å–∏—Ç–µ—Ç—Å–∫–∞—è","{""platform"": ""telegram"", ""wall_id"": 1332882905, ""post_id"": 373387}",24,3,92,0.125,3.8333333333333335,1332882905
66,"–ø—Ä–æ–¥–∞–º –≤–Ω–µ—à–Ω–∏–π –∞–∫–∫—É–º—É–ª—è—Ç–æ—Ä/power bank 30000 mah, 2 –≤—ã—Ö–æ–¥–∞ usb 2.1a. –≥–æ–¥ –ª–µ–∂–∞–ª, –Ω–µ –∏—Å–ø–æ–ª—å–∑–æ–≤–∞–ª—Å—è, –∑–∞—Ä—è–¥ –ø–æ–ª–Ω—ã–π.
15 –ª–∞—Ä–∏.

—Å–º–æ–≥—É –æ—Ç–¥–∞—Ç—å —Ç–æ–ª—å–∫–æ –¥–æ –∑–∞–≤—Ç—Ä–∞—à–Ω–µ–≥–æ –≤–µ—á–µ—Ä–∞, —Ç.–∫. —É–µ–∑–∂–∞–µ–º.

upd: –ø—Ä–æ–¥–∞–Ω–æ","{""platform"": ""telegram"", ""wall_id"": 1332882905, ""post_id"": 406877}",29,4,89,0.1379310344827586,3.0689655172413794,1332882905
67,"1) –∫—Ä–∏–º–ø–µ—Ä –¥–ª—è –æ–±–∂–∏–º–∞ —Ç–µ–ª–µ—Ñ–æ–Ω–Ω—ã—Ö –∏ –∫–æ–º–ø—å—é—Ç–µ—Ä–Ω—ã—Ö –∫–ª–µ–º–º gross 17719
—Ü–µ–Ω–∞ 60 –ª–∞—Ä–∏.

2) —É–Ω–∏–≤–µ—Ä—Å–∞–ª—å–Ω—ã–µ –∫–æ–º–±–∏–Ω–∏—Ä–æ–≤–∞–Ω–Ω—ã–µ –ø–µ—Ä—á–∞—Ç–∫–∏ gross deluxe —Ä–∞–∑–º–µ—Ä l
—Ü–µ–Ω–∞ 35 –ª–∞—Ä–∏.

3) —Å—É–º–∫–∞ –¥–ª—è –∏–Ω—Å—Ç—Ä—É–º–µ–Ω—Ç–∞ gross handwerker, 42 –∫–∞—Ä–º–∞–Ω–∞, –ø–ª–∞—Å—Ç–∏–∫, –¥–Ω–æ, –Ω–∞–ø–ª–µ—á–Ω—ã–π —Ä–µ–º–µ–Ω—å
—Ü–µ–Ω–∞ 80 –ª–∞—Ä–∏.","{""platform"": ""telegram"", ""wall_id"": 1332882905, ""post_id"": 419634}",39,8,116,0.2051282051282051,2.9743589743589745,1332882905
68,"–≤—Å—ë –ø–æ 5 –ª–∞—Ä–∏ 
(–ø–æ—Å—É–¥–∞ ‚Äì –∫–∞–∂–¥–∞—è –µ–¥–∏–Ω–∏—Ü–∞ 5 –ª–∞—Ä–∏) 

—Å–∞–±—É—Ä—Ç–∞–ª–æ/–¥–µ–ª–∏—Å–∏ 
—Ç–æ—á–Ω—ã–π –∞–¥—Ä–µ—Å –≤ –ª—Å","{""platform"": ""telegram"", ""wall_id"": 1332882905, ""post_id"": 340844}",15,2,48,0.1333333333333333,3.2,1332882905
69,"–ø–ª–∞—â h&m –æ—Ç xs –¥–æ l - 30 –ª–∞—Ä–∏
—Ç–µ–ø–ª–∞—è —Ä—É–±–∞—à–∫–∞ h&m s m l - 15 –ª–∞—Ä–∏
—é–±–∫–∞ zolla xs, —Ç–∫–∞–Ω—å –ø–ª–æ—Ç–Ω–∞—è, —Å –∫–∞—Ä–º–∞–Ω–∞–º–∏ - 10 –ª–∞—Ä–∏
—é–±–∫–∞ —Ç—Ä–∞–ø–µ—Ü–∏—è –æ—Ç–ª–∏—á–Ω–æ–≥–æ –∫–∞—á–µ—Å—Ç–≤–∞ 36 —Ä–∞–∑–º–µ—Ä, –ø–ª–æ—Ç–Ω–∞—è,  —Å –∫–∞—Ä–º–∞–Ω–∞–º–∏, —Ö–æ—Ä–æ—à–æ –¥–µ—Ä–∂–∏—Ç —Ñ–æ—Ä–º—É - 10 –ª–∞—Ä–∏
–¥–∂–∏–Ω—Å—ã koton w30 l34 - 20 –ª–∞—Ä–∏
—Å—É–º–æ—á–∫–∞ —Å–µ—Ä–∞—è - 15 –ª–∞—Ä–∏
—Å—É–º–∫–∞ —á–µ—Ä–Ω–∞—è arny praht - 20 –ª–∞—Ä–∏
—Ä—é–∫–∑–∞–∫ adidas original 20 –ª–∞—Ä–∏

–±–æ–ª—å—à–µ –≤–µ—â–µ–π –≤ –≥—Ä—É–ø–ø–µ –≤ –æ–ø–∏—Å–∞–Ω–∏–∏ –ø—Ä–æ—Ñ–∏–ª—è","{""platform"": ""telegram"", ""wall_id"": 1332882905, ""post_id"": 650420}",67,11,192,0.1641791044776119,2.8656716417910446,1332882905
70,–∏–∑–º–µ–ª—å—á–∏—Ç–µ–ª—å –æ—Ç–¥–∞–º –∑–∞ 15 –ª–∞—Ä–∏. –≤ –∏—Å–ø–æ–ª—å–∑–æ–≤–∞–Ω–∏–∏ –±—ã–ª –ø–∞—Ä—É —Ä–∞–∑,"{""platform"": ""telegram"", ""wall_id"": 1332882905, ""post_id"": 566683}",10,1,24,0.1,2.4,1332882905
71,"–ø—Ä–æ–¥–∞—é –æ–¥–∏–Ω —Å—Ç–æ–ª, —Ä–∞–∑–º–µ—Ä—ã 120—Ö60—Ö75
—Ü–µ–Ω–∞ 50 –ª–∞—Ä–∏. –º–µ—Ç—Ä–æ —Ä—É—Å—Ç–∞–≤–µ–ª–∏.","{""platform"": ""telegram"", ""wall_id"": 1332882905, ""post_id"": 518989}",10,2,35,0.2,3.5,1332882905
72,"–ø—Ä–æ–¥–∞–º —ç–∫—à–µ–Ω –∫–∞–º–µ—Ä—É xiaomi yi 4k + –∫–∞—Ä—Ç–∞ –Ω–∞ 64–≥–±
–≤ –∫–æ–º–ø–ª–µ–∫—Ç–µ –∫–µ–π—Å, —Ä–µ–º–µ—à–æ–∫ –¥–ª—è –∫—Ä–µ–ø–ª–µ–Ω–∏—è –Ω–∞ –≥–æ–ª–æ–≤—É –∏ 6 –ª–∏–ø–∫–∏—Ö —É–Ω–∏–≤–µ—Ä—Å–∞–ª—å–Ω—ã—Ö –∫—Ä–µ–ø–ª–µ–Ω–∏—è (3 –ø–ª–æ—Å–∫–∏—Ö –∏ 3 –∏–∑–æ–≥–Ω—É—Ç—ã—Ö)
300 –ª–∞—Ä–∏","{""platform"": ""telegram"", ""wall_id"": 1332882905, ""post_id"": 566102}",30,6,87,0.2,2.9,1332882905
73,"–ø–æ—Ä—Ç–∞—Ç–∏–≤–Ω—ã–π –ø–∫ –Ω–∞ windows 
hp elitedesk 800 g2 (256gb ssd, intel core i5 6th gen, 2.50 ghz, 8 gb ddr4)

1. m2 ssd –Ω–∞ 256gb –¥–ª—è –∑–∞–ø—É—Å–∫–∞ —Å–∏—Å—Ç–µ–º—ã
2. sshd –Ω–∞ 500gb –¥–ª—è —Ö—Ä–∞–Ω–µ–Ω–∏—è —Ñ–∞–π–ª–æ–≤

–≤ –∫–æ–º–ø–ª–µ–∫—Ç–µ: –±–ª–æ–∫ –ø–∏—Ç–∞–Ω–∏—è –∏ –∫–∞–±–µ–ª—å hdmi.

550 gel / 210$, usdt","{""platform"": ""telegram"", ""wall_id"": 1332882905, ""post_id"": 673520}",47,15,106,0.3191489361702128,2.25531914893617,1332882905
74,—É–≤–ª–∞–∂–Ω–∏—Ç–µ–ª—å –≤–æ–∑–¥—É—Ö–∞ —Å –ø–æ–¥—Å–≤–µ—Ç–∫–æ–π –Ω–∞ type-c —Ü–µ–Ω–∞ 45 –ª–∞—Ä–∏,"{""platform"": ""telegram"", ""wall_id"": 1332882905, ""post_id"": 849071}",10,1,27,0.1,2.7,1332882905
75,"–ø—Ä–æ–¥–∞–º –æ—Ä—Ç–æ–ø–µ–¥–∏—á–µ—Å–∫—É—é –ø–æ–¥—É—à–∫—É visco planet . 
—Ä–∞–∑–º–µ—Ä 60-40 –≤—ã—Å–æ—Ç–∞ 15 —Å–º. 
–º–∞—Ç–µ—Ä–∏–∞–ª –≤–∏—Å–∫–æ–∑–∞
—Ü–µ–Ω–∞ 90 –ª–∞—Ä–∏.","{""platform"": ""telegram"", ""wall_id"": 1332882905, ""post_id"": 708871}",15,3,55,0.2,3.6666666666666665,1332882905
76,"–ø—Ä–æ–¥–∞–º —Ç–µ–ª–µ–≤–∏–∑–æ—Ä star track led tv –¥–∏–∞–≥–æ–Ω–∞–ª—å—é 43 –¥—é–π–º–∞, –≤ –æ—Ç–ª–∏—á–Ω–æ–º —Å–æ—Å—Ç–æ—è–Ω–∏–∏. —Ä–∞–∑—Ä–µ—à–µ–Ω–∏–µ full hd, —è—Ä–∫–∞—è –∫–∞—Ä—Ç–∏–Ω–∫–∞. –∏–¥–µ–∞–ª—å–Ω—ã–π –≤–∞—Ä–∏–∞–Ω—Ç –ø–æ–¥ —Ñ–∏–ª—å–º—ã, –ø—Ä–∏—Å—Ç–∞–≤–∫—É. –µ—Å—Ç—å –Ω–æ–∂–∫–∏, —Å—Ç–æ–π–∫–∞.
—Ü–µ–Ω–∞ 280 –ª–∞—Ä–∏. –ø–∏—à–∏—Ç–µ –≤ –ª—Å.","{""platform"": ""telegram"", ""wall_id"": 1332882905, ""post_id"": 554960}",31,2,95,0.064516129032258,3.064516129032258,1332882905
77,"–¥–æ–ø —Ñ–æ—Ç–æ/–º–µ—Ä–∫–∏ –≤ –ª—Å
1) –º–∏–ª–∏—Ç–∞—Ä–∏ –¥–∂–∏–Ω—Å—ã-–∫–∞—Ä–≥–æ, s, 50 –ª–∞—Ä–∏
2) –∫–æ—Ñ—Ç–æ—á–∫–∞ —Å –∑–∞–≤—è–∑–∫–∞–º–∏, s-m, 25 –ª–∞—Ä–∏
4) –∫–∞—Ä–¥–∏–≥–∞–Ω —Å —à–∏—Ä–æ–∫–∏–º–∏ —Ä—É–∫–∞–≤–∞–º–∏, onesize, 25 –ª–∞—Ä–∏
4)—é–±–∫–∞ –≤–∏–Ω—Ç–∞–∂–Ω—ã–π guess —Å –∫—Ä—É–∂–µ–≤–Ω–æ–π –≤—Å—Ç–∞–≤–∫–æ–π, m, 150 –ª–∞—Ä–∏
5) —é–±–∫–∞ galiano –æ—Ä–∏–≥–∏–Ω–∞–ª, s, 400 –ª–∞—Ä–∏
6) —Ö—É–¥–∏ –Ω–∞ –∑–∏–ø–µ –≤ –ø–æ–ª–æ—Å–∫—É, xl-xxl,  –ø—Ä–æ–¥–∞–Ω–æ
7)—Ñ—É—Ç–±–æ–ª–∫–∞ volchok, xs-s, 30 –ª–∞—Ä–∏
8) –ª–æ–Ω–≥—Å–ª–∏–≤ volchok, m-l, 30 –ª–∞—Ä–∏
9) —Ñ—É—Ç–±–æ–ª–∫–∞-—Å–µ—Ç–æ—á–∫–∞ –≤ —É–∑–æ—Ä, s, 20 –ª–∞—Ä–∏
10) —Ö—É–¥–∏ —Å–æ —Å–ø—É—â–µ–Ω–Ω–æ–π –ª–∏–Ω–∏–µ–π –ø–ª–µ—á–∞, l, 40 –ª–∞—Ä–∏","{""platform"": ""telegram"", ""wall_id"": 1332882905, ""post_id"": 486056}",84,19,253,0.2261904761904762,3.011904761904762,1332882905
78,"1) –∫–æ—Ñ—Ç–∞ –±–µ–ª–∞—è —Å –ø–æ–ª–æ—Å–∫–∞–º–∏, s, 10 –ª–∞—Ä–∏
2) —Ä—É–±–∞—à–∫–∞ uniqlo, s, 20 –ª–∞—Ä–∏

–º. –≤–∞–∂–∞-–ø—à–∞–≤–µ–ª–∞","{""platform"": ""telegram"", ""wall_id"": 1332882905, ""post_id"": 689515}",17,4,50,0.2352941176470588,2.9411764705882355,1332882905
79,"–ø—Ä–æ–¥–∞—é –Ω–æ—É—Ç–±—É–∫ asus-zenbook-13-ux331ua
—Å–∏–Ω–∏–π, –æ–ø–µ—Ä–∞—Ç–∏–≤–Ω–∞—è –ø–∞–º—è—Ç—å 4gb

–≤ —Ö–æ—Ä–æ—à–µ–º —Å–æ—Å—Ç–æ—è–Ω–∏–∏, –Ω–µ —Ä–µ–º–æ–Ω—Ç–∏—Ä–æ–≤–∞–ª—Å—è, –≤—Å–µ —Ä–∞–±–æ—Ç–∞–µ—Ç 

–ø–æ–∫—É–ø–∞–ª—Å—è –≤ –∫–æ–Ω—Ü–µ 2019 –≥–æ–¥–∞, –∏—Å–ø–æ–ª—å–∑–æ–≤–∞–ª—Å—è –¥–ª—è —Ä–∞–±–æ—á–∏—Ö –∑–∞–¥–∞—á, –±–µ–∑ –∏–≥—Ä –∏ —Å–ª–æ–∂–Ω—ã—Ö –º–∞–Ω–∏–ø—É–ª—è—Ü–∏–π 

–∏–∑ –ø–ª—é—Å–æ–≤:
-–∫—Ä—ã—à–∫–∞ –æ—Ç–∫—Ä—ã–≤–∞–µ—Ç—Å—è –æ–¥–Ω–æ–π —Ä—É–∫–æ–π
-—Ç—Ä–∏ —É—Ä–æ–≤–Ω—è —è—Ä–∫–æ—Å—Ç–∏ –ø–æ–¥—Å–≤–µ—Ç–∫–∏ –∫–ª–∞–≤–∏–∞—Ç—É—Ä—ã
-–ø—Ä–∏—è—Ç–Ω–∞—è –∞–≤—Ç–æ–Ω–æ–º–Ω–æ—Å—Ç—å –±–∞—Ç–∞—Ä–µ–∏ 
-–≤–µ—Å 1,2 –∫–≥
-–ª–∏—Ü–µ–Ω–∑–∏–æ–Ω–Ω–∞—è windows 11

–≤ –∫–æ–º–ø–ª–µ–∫—Ç–µ –∑–∞—Ä—è–¥–∫–∞ 

–µ—Å—Ç—å –Ω–µ–±–æ–ª—å—à–∏–µ –ø–æ—Ç–µ—Ä—Ç–æ—Å—Ç–∏ –∏ —Ü–∞—Ä–∞–ø–∏–Ω—ã. –∑–∞–º–µ—Ç–Ω—ã —Ç–æ–ª—å–∫–æ –ø—Ä–∏ —Ö–æ—Ä–æ—à–µ–º —Å–≤–µ—Ç–µ –∏ –µ—Å–ª–∏ –ø—Ä–∏—Å–º–∞—Ç—Ä–∏–≤–∞—Ç—å—Å—è 

–ø—Ä–æ–¥–∞—é, –ø–æ—Ç–æ–º—É —á—Ç–æ –∫—É–ø–∏–ª–∞ –Ω–æ–≤—ã–π

670 gel 
–º–æ–∂–Ω–æ –ø–µ—Ä–µ–≤–æ–¥–æ–º —Ä—É–±–ª—è–º–∏ –ø–æ –∫—É—Ä—Å—É

–º–µ—Ç—Ä–æ —Ä—É—Å—Ç–∞–≤–µ–ª–∏ –∏–ª–∏ —è–Ω–¥–µ–∫—Å –¥–æ—Å—Ç–∞–≤–∫–∞ –∑–∞ –≤–∞—à —Å—á–µ—Ç","{""platform"": ""telegram"", ""wall_id"": 1332882905, ""post_id"": 602479}",87,7,285,0.0804597701149425,3.2758620689655173,1332882905
80,"–ø—Ä–æ–¥–∞—é –≤–µ—â–∏ –≤ –∏–¥–µ–∞–ª—å–Ω–æ–º —Å–æ—Å—Ç–æ—è–Ω–∏–∏

1.  —Å–≤–∏—Ç–µ—Ä(–ø–æ–ª—É–≤–µ—Ä) –ø–æ–ª–æ—Å–∞—Ç—ã–π 25 –ª–∞—Ä–∏
2. –≤–æ–¥–æ–ª–∞–∑–∫–∞ —Å–∏–Ω—è—è 25 –ª–∞—Ä–∏
3. –¥–∂–∏–Ω—Å—ã –∑–∞—Ä–∞ 50 –ª–∞—Ä–∏
4. —Ä—É–±–∞—à–∫–∞(—Ç–µ–º–Ω–æ-—Å–∏–Ω—è—è) 10 –ª–∞—Ä–∏
5. —Ä—É–±–∞—à–∫–∏ cropp (—Ö–∞–∫–∏/ —Ç–µ–º–Ω–æ-—Å–∏–Ω—è—è) 15 –ª–∞—Ä–∏
6. –ø–∞–ª—å—Ç–æ 80 –ª–∞—Ä–∏
7. –¥–∂–∏–Ω—Å–∏ –±–µ—Ä—à–∫–∞ (–±–µ–∂–µ–≤—ã–µ) 35 –ª–∞—Ä–∏
8. –±–æ—Å–æ–Ω–æ–∂–∫–∏ roxy 40 –ª–∞—Ä–∏","{""platform"": ""telegram"", ""wall_id"": 1332882905, ""post_id"": 532519}",50,16,169,0.32,3.38,1332882905
81,"–≤—Å–µ–º –ø—Ä–∏–≤–µ—Ç! 

–ø—Ä–æ–¥–∞—é ps4 pro

900 –ª–∞—Ä–∏

2,5 –≥–æ–¥–∞ —Å–ª—É–∂–±—ã. –ø–æ—Å–ª–µ–¥–Ω—è—è —Ä–µ–≤–∏–∑–∏—è cuh-7216b (–≥—Ä–µ–µ—Ç—Å—è –º–µ–Ω—å—à–µ –¥—Ä—É–≥–∏—Ö –∏–∑-–∑–∞ –∫–æ–Ω—Å—Ç—Ä—É–∫—Ç–∏–≤–Ω–æ–≥–æ –∏–∑–º–µ–Ω–µ–Ω–∏—è). –≤–ø—Ä–æ—á–µ–º, –∫–∞–∫ –∏ –ø–æ–ª–æ–∂–µ–Ω–æ, —à—É–º–∏—Ç –∫–∞–∫ —Å–∞–º–æ–ª—ë—Ç –Ω–∞ –∑–∞–ø—É—Å–∫–µ –±–æ–ª—å—à–∏—Ö –∏–≥—Ä—É—à–µ–∫. 
–Ω–µ –≤—Å–∫—Ä—ã–≤–∞–ª–∞—Å—å (—Å—Ç–æ–∏—Ç –ø—Ä–æ–≤–µ—Å—Ç–∏ —á–∏—Å—Ç–∫—É). –±—ã–ª–∞ –≤ –∞–∫–∫—É—Ä–∞—Ç–Ω–æ–º –∏—Å–ø–æ–ª—å–∑–æ–≤–∞–Ω–∏–∏. —Å–Ω–∞—á–∞–ª–∞ –¥–æ–º–∞ –≤ –º–æ—Å–∫–≤–µ, –ø–æ—Ç–æ–º –∑–¥–µ—Å—å –≤ —Ç–±–∏–ª–∏—Å–∏. 

–≤ –∫–æ–º–ø–ª–µ–∫—Ç–µ: –¥–≤–∞ –∫–æ–Ω—Ç—Ä–æ–ª–ª–µ—Ä–∞ dualshok4v2, –∫–∞–±–µ–ª—å –ø–∏—Ç–∞–Ω–∏—è (—Ä–æ–¥–Ω–æ–π), hdmi –∫–∞–±–µ–ª—å (—Ä–æ–¥–Ω–æ–π), micro usb –¥–ª—è –∫–æ–Ω—Ç—Ä–æ–ª–ª–µ—Ä–∞ (–Ω–µ —Ä–æ–¥–Ω–æ–π). –∫–æ—Ä–æ–±–∫–∞ –∏ —á–µ–∫ –æ—Å—Ç–∞–ª–∏—Å—å –≤ –º–æ—Å–∫–≤–µ. 

–ø—Ä–æ–¥–∞—é —Ç–∞–∫ –∫–∞–∫ –∫—É–ø–∏–ª ps5","{""platform"": ""telegram"", ""wall_id"": 1332882905, ""post_id"": 323987}",77,6,239,0.0779220779220779,3.103896103896104,1332882905
82,"‚Äî‚Äî-–ø—Ä–æ–¥–∞–º –¥–∂–∏–Ω—Å—ã –∏ —à—Ç–∞–Ω—ã –¥–ª—è –±–µ—Ä–µ–º–µ–Ω–Ω—ã—Ö, —Ä–∞–∑–Ω—ã—Ö —Ñ–∏—Ä–º, —Ñ–∞—Å–æ–Ω–∞ –∏ —Ü–≤–µ—Ç–∞. –≤—Å–µ–≥–æ 6 —à—Ç—É–∫.
—Ç—Ä–æ–µ –∏–∑ –Ω–∏—Ö –≤–æ–æ–±—â–µ –Ω–∏—Ä–∞–∑—É –Ω–µ –Ω–∞–¥–µ–≤–∞–ª–∞, —Ñ–æ—Ç–æ —Å–∫–∏–Ω—É –≤ –ª—Å. –∑–∞ –≤—Å–µ 6 —à—Ç—É–∫ - 70 –ª–∞—Ä–∏. —Ç–∞–∫ –∂–µ –º–æ–∂–Ω–æ –∫—É–ø–∏—Ç—å –ø–æ –æ–¥–Ω–æ–º—É –∑–∞ 20 –ª–∞—Ä–∏.
‚Äî‚Äî-–ø—Ä–æ–¥–∞—é –±–∞–Ω–¥–∞–∂ –¥–ª—è –±–µ—Ä–µ–º–µ–Ω–Ω—ã—Ö, –Ω–∞–¥–µ–≤–∞–ª–∞ –¥–≤–∞ —Ä–∞–∑–∞, –Ω–µ –ø—Ä–∏–≥–æ–¥–∏–ª—Å—è. 30 –ª–∞—Ä–∏
‚Äî‚Äî- –ø—Ä–æ–¥–∞–º –∫–æ—Ä—Å–µ—Ç –ø–æ—Å–ª–µ—Ä–æ–¥–æ–≤–æ–π, –º–Ω–µ –Ω–µ –ø—Ä–∏–≥–æ–¥–∏–ª—Å—è 30 –ª–∞—Ä–∏ 
‚Äî‚Äî- –ø—Ä–æ–¥–∞–º –∫–æ–º–ø—Ä–µ—Å—Å–∏–æ–Ω–Ω—ã–µ —á—É–ª–∫–∏, –ø–µ—Ä–≤–æ–π –∫–æ–º–ø—Ä–µ—Å—Å–∏–∏, —Ä–∞–∑–º–µ—Ä xl , —Ç–µ–ª–µ—Å–Ω–æ–≥–æ —Ü–≤–µ—Ç–∞, –Ω–∞–¥–µ–≤–∞–ª–∞ 2 —Ä–∞–∑–∞ –¥–ª—è –ø–µ—Ä–µ–ª–µ—Ç–æ–≤.
‚Äî‚Äî-–≤–µ—â–∏ –Ω–∞ –¥–µ–≤–æ—á–∫—É 50+ —Ä–∞–∑–º–µ—Ä: 4 —Å–ª–∏–ø–∞, 6 –±–æ–¥–∏–∫–æ–≤, 3 –ø–æ–ª–∑—É–Ω–∫–æ–≤ –∑–∞ –≤—Å–µ 30 –ª–∞—Ä–∏
—Ñ–æ—Ç–æ —Å–∫–∏–Ω—É –≤  –ª—Å.","{""platform"": ""telegram"", ""wall_id"": 1332882905, ""post_id"": 614913}",97,12,274,0.1237113402061855,2.8247422680412373,1332882905
83,"üá¨üá™—Ç—Ä–∞–Ω—Å—Ñ–µ—Ä –≤ –≥—Ä—É–∑–∏—éüá¨üá™
–∫–∞–∂–¥—É—é –ø—è—Ç–Ω–∏—Ü—É –≤—ã–µ–∑–∂–∞–µ–º –∏–∑ –º–∏–Ω—Å–∫–∞ 
üìç–ø—Ä–æ–µ–∑–∂–∞–µ–º: –≥–æ–º–µ–ª—å, –±—Ä—è–Ω—Å–∫,–æ—Ä–µ–ª, –≤–æ—Ä–æ–Ω–µ–∂, —Ä–æ—Å—Ç–æ–≤, –∫—Ä–æ–ø–æ—Ç–∫–∏–Ω, –Ω–µ–≤–∏–Ω–Ω–æ–º—ã—Å–∫, –º–∏–Ω–µ—Ä–∞–ª—å–Ω—ã–µ –≤–æ–¥—ã, –Ω–∞–ª—å—á–∏–∫, –≤–ª–∞–¥–∏–∫–∞–≤–∫–∞–∑, —Ç–±–∏–ª–∏—Å–∏, –±–∞—Ç—É–º–∏!
‚úÖ–∏–∑ –≥—Ä—É–∑–∏–∏ –≤ –±–µ–ª–∞—Ä—É—Å—å –ø–æ –≤—Ç–æ—Ä–Ω–∏–∫–∞–º 
‚úÖwi-fi ,—Ä–æ–∑–µ—Ç–∫–∏
‚úÖ–±–µ—Ä—ë–º –ø–æ—Å—ã–ª–∫–∏üì¶
‚ÄºÔ∏è–∞–∫—Ü–∏–æ–Ω–Ω—ã–µ —Ü–µ–Ω—ã‚ÄºÔ∏è
+375 25 535-28-98
@minsk_georgia
telegram,whatsapp,viber
—Ä–µ–∫–ª–∞–º–∞ —Å–æ–≥–ª–∞—Å–æ–≤–∞–Ω–∞ —Å @ads_geo_bot","{""platform"": ""telegram"", ""wall_id"": 1332882905, ""post_id"": 439559}",46,3,211,0.0652173913043478,4.586956521739131,1332882905
84,"–ø—Ä–æ–¥–∞–º:
‚Ä¢ apple watch series 3, 38 mm - 210 –ª–∞—Ä–∏
‚Ä¢ –ø–µ—Ä—Ñ–æ—Ä–∞—Ç–æ—Ä total - 100 –ª–∞—Ä–∏
‚Ä¢ —Ü–µ–Ω—Ç—Ä —É–º–Ω–æ–≥–æ –¥–æ–º–∞ aquara hub m2 - 70 –ª–∞—Ä–∏
‚Ä¢ —Å—Ç–æ–π–∫–∞ –¥–ª—è –±—É—Ç—ã–ª–æ–∫ - 10 –ª–∞—Ä–∏
‚Ä¢ –±–æ–∫–∞–ª—ã 4 —à—Ç - 10 –ª–∞—Ä–∏ 

–∫–Ω–∏–≥–∏:
‚Ä¢ —á–∏—Å—Ç—ã–π –ª–∏—Å—Ç (—Å—Ç–∏–≤–µ–Ω –ø–∏–Ω–∫–µ—Ä) - 30 –ª–∞—Ä–∏
‚Ä¢ —É–∫—Ä–æ—â–µ–Ω–∏–µ –±–µ—Å–∫–æ–Ω–µ—á–Ω–æ—Å—Ç–∏ - 10 –ª–∞—Ä–∏
‚Ä¢ –ª—é–±–æ–≤—å –≤–æ –≤—Ä–µ–º—è –∫–∞—Ä–∞–Ω—Ç–∏–Ω–∞ - 10 –ª–∞—Ä–∏
‚Ä¢ –≤–≤–µ–¥–µ–Ω–∏–µ –≤ –ø—Å–∏—Ö–æ–∞–Ω–∞–ª–∏–∑ - 5 –ª–∞—Ä–∏
‚Ä¢ —ç—Ñ—Ñ–µ–∫—Ç–∏–≤–Ω—ã–π –∫–æ—É—á–∏–Ω–≥ - 10 –ª–∞—Ä–∏
‚Ä¢ —ç–º–æ—Ü–∏–æ–Ω–∞–ª—å–Ω–æ–µ –ª–∏–¥–µ—Ä—Å—Ç–≤–æ - 15 –ª–∞—Ä–∏
‚Ä¢ —Å–ø—Ä–∞–≤–æ—á–Ω–∏–∫ –∫—É—Ä–∞—Ç–æ—Ä–∞ - 15 –ª–∞—Ä–∏
‚Ä¢ –ø–∏—Å—å–º–∞ –Ω–∞ –∑–∞–º–µ—Ç–∫—É. –ª—é–±–æ–≤—å - 10 –ª–∞—Ä–∏
‚Ä¢ —Å–µ–∑–∞–Ω–Ω - 5 –ª–∞—Ä–∏","{""platform"": ""telegram"", ""wall_id"": 1332882905, ""post_id"": 654950}",88,18,261,0.2045454545454545,2.965909090909091,1332882905
85,"–Ω–æ–≤—ã–µ ‚úÖ 
—Å—Ç–µ–ª—å–∫–∞ 26,5 —Å–º üëç
—Ü–µ–Ω–∞ 120 –ª–∞—Ä–∏ üî•üî•üî•üî•üî•üéÅ","{""platform"": ""telegram"", ""wall_id"": 1332882905, ""post_id"": 372609}",10,2,41,0.2,4.1,1332882905
86,"–ø—Ä–æ–¥–∞—é —Å–≤–µ—Ç –≤ –≥—Ä–æ—É–±–æ–∫—Å, 2 —à—Ç, 100 –≤—Ç –∫–∞–∂–¥–∞—è, –∫–æ–±–±—ã. —Å–ø–µ–∫—Ç—Ä —Å–º–µ—à–∞–Ω–Ω—ã–π, –±—ã–ª–∏ –≤ –∏—Å–ø–æ–ª—å–∑–æ–≤–∞–Ω–∏–∏ –¥–≤–∞ —Ü–∏–∫–ª–∞. –≤ –ø–æ–¥–∞—Ä–æ–∫ –æ—Ç–¥–∞–º –ø–æ–¥–≤–µ—Å—ã. 450 –ª–∞—Ä–∏
–µ—â—ë –¥—Ä—É–≥–∏–µ —Ç–æ–≤–∞—Ä—ã (–æ–¥–µ–∂–¥–∞, –º–µ–ª–∫–∞—è —Ç–µ—Ö–Ω–∏–∫–∞, —Ö–æ–±–±–∏ –∏ —Ç–¥) –≤ –º–æ–µ–º –∫–∞–Ω–∞–ª–µ","{""platform"": ""telegram"", ""wall_id"": 1332882905, ""post_id"": 638770}",35,3,105,0.0857142857142857,3.0,1332882905
87,"–±–æ–∫—Å–µ—Ä—Å–∫–∏–µ –ø–µ—Ä—á–∞—Ç–∫–∏

venum elite
—Å–¥–µ–ª–∞–Ω—ã –≤ —Ç–∞–∏–ª–∞–Ω–¥–µ
–≤–µ—Å 14oz

–∏—Å–ø–æ–ª—å–∑–æ–≤–∞–ª–∏—Å—å –æ–∫–æ–ª–æ –≥–æ–¥–∞, –≤ –∏–¥–µ–∞–ª—å–Ω–æ–º —Å–æ—Å—Ç–æ—è–Ω–∏–∏

–¥–ª—è —Å–ø–∞—Ä—Ä–∏–Ω–≥–æ–≤ ‚Äî –Ω–µ—Å–º–æ—Ç—Ä—è –Ω–∞ –±–æ–ª—å—à–æ–π –≤–µ—Å, –∏–º–µ—é—Ç –º—è–≥–∫—É—é –ø–æ–¥—É—à–∫—É, —á—Ç–æ–±—ã –º–µ–Ω—å—à–µ —Ç—Ä–∞–≤–º–∏—Ä–æ–≤–∞—Ç—å —Å–æ–ø–µ—Ä–Ω–∏–∫–∞

90 –ª–∞—Ä–∏ / 30$

–≤ –ø–æ–¥–∞—Ä–æ–∫ –æ—Ç–¥–∞–º –ø–∞—Ä—É —Å—É—à–∏–ª–æ–∫, –∫–æ—Ç–æ—Ä—ã–µ —É–≤–µ–ª–∏—á–∏–≤–∞—é—Ç —Å—Ä–æ–∫ —Å–ª—É–∂–±—ã –ø–µ—Ä—á–∞—Ç–æ–∫

–¥–ª—è —Å–≤—è–∑–∏ ‚Äî @apalevich","{""platform"": ""telegram"", ""wall_id"": 1332882905, ""post_id"": 353016}",47,3,156,0.0638297872340425,3.3191489361702127,1332882905
88,120–ª calvin klein –æ—Ä–∏–≥–∏–Ω–∞–ª,"{""platform"": ""telegram"", ""wall_id"": 1332882905, ""post_id"": 692621}",5,1,10,0.2,2.0,1332882905
89,"–≤—Å–µ–º –ø—Ä–∏–≤–µ—Ç!

–ø—Ä–æ–¥–∞—é –¥–æ—Å–∫—É —Å –≥–≤–æ–∑–¥—è–º–∏ —Å–∞–¥—Ö—É –∞–±—Å–æ–ª—é—Ç–Ω–æ –Ω–æ–≤—É—é

 –¥–æ—Å–∫–∞ —Å –¥–∏–Ω–∞–º–∏—á–µ—Å–∫–∏–º–∏ –≥–≤–æ–∑–¥—è–º–∏ –∏–¥–µ–∞–ª—å–Ω–æ –ø–æ–¥—Ö–æ–¥–∏—Ç –≤ —Ç–æ–º —á–∏—Å–ª–µ –∏ –Ω–æ–≤–∏—á–∫–∞–º –¥–ª—è –æ—Å–≤–æ–µ–Ω–∏—è –≥–≤–æ–∑–¥–µ—Å—Ç–æ—è–Ω–∏—è. –ø–æ–¥–≤–∏–∂–Ω–æ—Å—Ç—å –≥–≤–æ–∑–¥–µ–π –æ–±–µ—Å–ø–µ—á–∏–≤–∞–µ—Ç –±–æ–ª–µ–µ –º—è–≥–∫–∏–π –≤—Ö–æ–¥ –≤ –ø—Ä–∞–∫—Ç–∏–∫—É. —Å–∞–¥—Ö—É-–¥–æ—Å–∫–∏ —Å –¥–∏–Ω–∞–º–∏—á–µ—Å–∫–∏–º–∏ –≥–≤–æ–∑–¥—è–º–∏, –æ–±–µ—Å–ø–µ—á–∞—Ç –ø–ª–∞–≤–Ω–æ–µ –ø–æ–≥—Ä—É–∂–µ–Ω–∏–µ –≤ –ø—Ä–∞–∫—Ç–∏–∫—É. 
üî≥ —Ü–µ–Ω–∞ 130 –ª–∞—Ä–∏
üî≥ –º–æ–≥—É –≤—Å—Ç—Ä–µ—Ç–∏—Ç—Å—è —É –º–µ—Ç—Ä–æ –º–∞—Ä–¥–∂–∞–Ω–∏—à–≤–∏–ª–∏","{""platform"": ""telegram"", ""wall_id"": 1332882905, ""post_id"": 613632}",51,1,190,0.0196078431372549,3.725490196078432,1332882905
90,"–æ—Ä–∏–≥–∏–Ω–∞–ª—å–Ω—ã–µ –Ω—å—é —Ä–æ–∫–∏
40 —Ä–∞–∑–º–µ—Ä 
400 –ª–∞—Ä–∏","{""platform"": ""telegram"", ""wall_id"": 1332882905, ""post_id"": 642822}",7,2,18,0.2857142857142857,2.571428571428572,1332882905
91,"adidas zx 2k boost (–Ω–æ–≤—ã–µ)
—Ä–∞–∑–º–µ—Ä: 42
–ø—Ä–∏–≤—ë–∑ –∏–∑ –∞–º–µ—Ä–∏–∫–∏, –Ω–µ –ø–æ–¥–æ—à—ë–ª —Ä–∞–∑–º–µ—Ä
150 –ª–∞—Ä–∏","{""platform"": ""telegram"", ""wall_id"": 1332882905, ""post_id"": 534737}",15,3,40,0.2,2.6666666666666665,1332882905
92,"—É–ª—å—Ç—Ä–∞—Ç–æ–Ω–∫–∏–µ –ø—Ä–µ–∑–µ—Ä–≤–∞—Ç–∏–≤—ã –∏–∑ –Ω–∞—Ç—É—Ä–∞–ª—å–Ω–æ–≥–æ –ª–∞—Ç–µ–∫—Å–∞, –ø–æ–∫—Ä—ã—Ç—ã —Å–∏–ª–∏–∫–æ–Ω–æ–≤–æ–π —Å–º–∞–∑–∫–æ–π —Å –Ω–µ–π—Ç—Ä–∞–ª—å–Ω—ã–º –∞—Ä–æ–º–∞—Ç–æ–º. –¥–ª–∏–Ω–∞ 190 +/- 2 –º–º, —à–∏—Ä–∏–Ω–∞ 54 +/- 2 –º–º, —Ç–æ–ª—â–∏–Ω–∞ 0,05 –º–º.

25 –ª–∞—Ä–∏
‚ìúÔ∏è –º–∞—Ä–¥–∂–∞–Ω–∏—à–≤–∏–ª–∏","{""platform"": ""telegram"", ""wall_id"": 1332882905, ""post_id"": 628171}",28,6,105,0.2142857142857142,3.75,1332882905
93,"—Ç–µ–Ω–Ω–∏—Å–Ω—ã–µ –º—è—á–∏ 
–æ—Ç–¥–∞–º –≤—Å–µ –∑–∞ 10 –ª–∞—Ä–∏","{""platform"": ""telegram"", ""wall_id"": 1332882905, ""post_id"": 763481}",7,1,20,0.1428571428571428,2.857142857142857,1332882905
94,"–ø—Ä–æ–¥–∞–º:
samsung galaxy a31 (sm-a315f). —Ü–µ–Ω–∞: 300 gel","{""platform"": ""telegram"", ""wall_id"": 1332882905, ""post_id"": 324427}",9,3,22,0.3333333333333333,2.4444444444444446,1332882905
95,"–ø—Ä–æ–¥–∞–º –∏–≥—Ä—ã –Ω–∞ ps5:

mortal kombat 11 ‚Äî 65 –ª–∞—Ä–∏ 

stray ‚Äî 65 –ª–∞—Ä–∏

sackboy (—Å—ç–∫–±–æ–π), –Ω–∞ —Ä—É—Å—Å–∫–æ–º ‚Äî 150 –ª–∞—Ä–∏

nba 2k23 ‚Äî 150 –ª–∞—Ä–∏

ratchet and clank: rift apart (—Å–∫–≤–æ–∑—å –º–∏—Ä—ã), –Ω–∞ —Ä—É—Å—Å–∫–æ–º ‚Äî 125 –ª–∞—Ä–∏ 

–ø—Ä–æ–¥–∞—é –ø–æ—Ç–æ–º—É —á—Ç–æ –Ω–∞–¥–æ –ª–µ—á–∏—Ç—å –∫–æ—Ç—è—Ç","{""platform"": ""telegram"", ""wall_id"": 1332882905, ""post_id"": 813447}",44,8,112,0.1818181818181818,2.5454545454545454,1332882905
96,–ø—Ä–æ–¥–∞–º —Ç–∞—Ä–µ–ª–∫–∏ –ø–æ 3 –ª–∞—Ä–∏ —à—Ç—É–∫–∞,"{""platform"": ""telegram"", ""wall_id"": 1332882905, ""post_id"": 490414}",6,1,17,0.1666666666666666,2.833333333333333,1332882905
97,"–∫–µ–¥—ã –±–µ–ª—ã–µ –Ω–∞ –ø–ª–∞—Ç—Ñ–æ—Ä–º–µ adidas original nizza platform shoes
—Ä-—Ä us 9.1/2 / uk 8/ –ø–æ —Å—Ç–µ–ª—å–∫–µ 26.5 —Å–º
—Ü–µ–Ω–∞ 170 140 –ª–∞—Ä–∏
–±–æ–ª—å—à–µ –≤–µ—â–µ–π —Ç—É—Ç","{""platform"": ""telegram"", ""wall_id"": 1332882905, ""post_id"": 597306}",27,5,62,0.1851851851851851,2.2962962962962963,1332882905
98,"‚ùó–ø—Ä–æ–¥–∞–º –∏–≥—Ä–æ–≤–æ–π –Ω–æ—É—Ç–±—É–∫ asus zephyrus g14‚ùó

—Ç—è–Ω–µ—Ç –≤—Å–µ —Å–æ–≤—Ä–µ–º–µ–Ω–Ω—ã–µ –∏–≥—Ä—ã, –æ—Ç–ª–∏—á–Ω–æ –ø–æ–¥—Ö–æ–¥–∏—Ç –¥–ª—è —Å–ª–æ–∂–Ω—ã—Ö –∑–∞–¥–∞—á.
–ø–æ–∫—É–ø–∞–ª –≤ —è–Ω–≤–∞—Ä–µ 2023 –≥–æ–¥–∞ –≤ –≥—Ä—É–∑–∏–∏
–µ—Å—Ç—å —á–µ–∫ –∏ –≥–∞—Ä–∞–Ω—Ç–∏—è
 
‚úÖmodel: zephyrus g14 - ga401qm-211.zg14b

‚úÖos: windows 11 home

‚úÖ–ø—Ä–æ—Ü–µ—Å—Å–æ—Ä: amd ryzen 9 5900hs
cpu configuration: eight core cpu speed: 3.3ghz

‚úÖ—ç–∫—Ä–∞–Ω: 14"" qhd ips pantone anti-glare 120hz (2560 x 1440)

‚úÖ–æ–ø–µ—Ä–∞—Ç–∏–≤–Ω–∞—è –ø–∞–º—è—Ç—å: 16gb ddr4 / 3200hz (–º–æ–∂–Ω–æ —Ä–∞—Å—à–∏—Ä–∏—Ç—å –¥–æ 32–≥–±)

‚úÖssd: 1tb nvme ssd

‚úÖ–≤–∏–¥–µ–æ–∫–∞—Ä—Ç–∞: nvidia geforce rtx 3060 6gb gddr6

‚úÖ–∫–ª–∞–≤–∏–∞—Ç—É—Ä–∞: only us, english

üí≤—Ü–µ–Ω–∞ 3300 –ª–∞—Ä–∏üí≤","{""platform"": ""telegram"", ""wall_id"": 1332882905, ""post_id"": 638771}",87,23,272,0.264367816091954,3.126436781609196,1332882905
99,"–ø—Ä–æ–¥–∞–º : 

 1. –±–æ—Ç—Ñ–æ—Ä—Ç—ã (35.5-36—Ä)- 50 –ª–∞—Ä–∏
 2. —Ç–µ–ª–µ—Ñ–æ–Ω - 20 –ª–∞—Ä–∏
 3. –∫–æ—Ä–∑–∏–Ω–∞ –¥–ª—è —Ñ—Ä—É–∫—Ç–æ–≤ - 15 –ª–∞—Ä–∏
 4. –±–æ—Ç–∏–Ω–æ—á–∫–∏ (24 —Ä–∞–∑–º–µ—Ä) - 45 –ª–∞—Ä–∏ 
 5. —Å—Ç–∏—á (–±–æ–ª—å—à–æ–π) - 15 –ª–∞—Ä–∏
 6. –∫–æ–ø–∏–ª–∫–∞ - 10 –ª–∞—Ä–∏
 7. –º—è—á –¥–ª—è –±–µ–π—Å–±–æ–ª–∞ (–æ—Ä–∏–≥–∞) - 20 –ª–∞—Ä–∏
 8. —Ñ–∏–∫—Å–∞—Ç–æ—Ä –¥–ª—è –∫–æ–ª–µ–Ω–∞ —Ä–∞–∑–º–µ—Ä—ã –º –∏ s - –∑–∞ –≤—Å–µ 30 –ª–∞—Ä–∏

üìç–≤–∞—Ä–∫–µ—Ç–∏–ª–∏ / —è–Ω–¥–µ–∫—Å –¥–æ—Å—Ç–∞–≤–∫–∞üìç","{""platform"": ""telegram"", ""wall_id"": 1332882905, ""post_id"": 518699}",56,19,178,0.3392857142857143,3.1785714285714284,1332882905
